Worker_Id,Weight_Before_Review,Weight_After_Review,Path_ID,User_Review,Aged_Weight
W263,56,56.0,9b6282f0,,56.0
W143,62,62.0,9b6282f0,,62.0
W86,58,58.0,9b6282f0,,58.0
W147,57,57.0,9b6282f0,,57.0
W307,50,50.0,9b6282f0,,50.0
W344,52,52.6,48528a4b,5,52.395
W378,78,79.2,48528a4b,5,78.791
W267,58,60.4,48528a4b,5,59.582
W318,40,41.2,48528a4b,5,40.791
W3,56,61.6,48528a4b,5,59.691
W262,52,58.6,48528a4b,5,56.35
W53,50,52.4,48528a4b,5,51.582
W252,70,77.2,c01a7e71,5,74.746
W352,61,68.2,c01a7e71,5,65.746
W355,50,54.0,c01a7e71,5,52.636
W172,56,56.8,c01a7e71,5,56.527
W79,51,51.4,c01a7e71,5,51.264
W318,40,41.6,c01a7e71,5,40.958
W37,46,46.0,1a9c9e27,3,46.0
W82,68,68.0,1a9c9e27,3,68.0
W129,46,46.0,1a9c9e27,3,46.0
W193,48,48.0,1a9c9e27,3,48.0
W42,73,73.0,1a9c9e27,3,73.0
W276,52,52.0,1a9c9e27,3,52.0
W155,40,40.0,18574530,3,40.0
W120,60,60.0,18574530,3,60.0
W151,46,46.0,18574530,3,46.0
W300,52,52.0,18574530,3,52.0
W355,50,54.0,18574530,3,52.395
W362,56,56.0,18574530,3,56.0
W254,56,56.6,76b857eb,5,56.395
W335,60,61.6,76b857eb,5,61.055
W94,46,55.2,76b857eb,5,52.064
W62,55,63.6,76b857eb,5,60.668
W71,68,67.0,bfb6b425,2,67.659
W111,60,59.5,bfb6b425,2,59.83
W46,67,65.3,bfb6b425,2,66.42
W262,52,58.1,bfb6b425,2,55.951
W347,40,39.6,bfb6b425,2,39.864
W24,56,50.1,bfb6b425,2,53.989
W188,68,69.2,77012c09,5,68.791
W22,60,63.4,77012c09,5,62.241
W41,68,68.8,77012c09,5,68.527
W94,46,57.0,77012c09,5,52.586
W68,60,62.4,77012c09,5,61.582
W165,56,66.4,77012c09,5,62.855
W169,52,48.4,e423dd92,1,50.773
W211,60,58.4,e423dd92,1,59.455
W186,50,48.4,e423dd92,1,49.455
W283,50,46.0,e423dd92,1,48.636
W65,50,47.6,e423dd92,1,49.182
W254,56,49.8,e423dd92,1,53.871
W317,42,40.8,b5a5d66f,2,41.591
W51,50,48.2,b5a5d66f,2,49.386
W54,65,61.0,b5a5d66f,2,63.636
W195,40,38.1,b5a5d66f,2,39.352
W101,50,48.9,b5a5d66f,2,49.625
W260,40,40.0,9aafd806,3,40.0
W155,40,40.0,9aafd806,3,40.0
W2,62,62.0,9aafd806,3,62.0
W32,68,68.0,9aafd806,3,68.0
W241,52,52.2,7302623a,5,52.132
W375,70,70.6,7302623a,5,70.395
W187,56,70.8,7302623a,5,65.755
W106,70,74.4,7302623a,5,72.9
W1,61,61.0,0bc17d82,3,61.0
W168,50,50.0,0bc17d82,3,50.0
W17,40,40.0,0bc17d82,3,40.0
W256,58,58.0,0bc17d82,3,58.0
W184,50,46.0,aee8d509,2,48.636
W1,61,57.8,aee8d509,2,59.716
W347,40,38.1,aee8d509,2,39.238
W320,62,61.6,aee8d509,2,61.864
W227,52,51.1,aee8d509,2,51.693
W147,57,49.0,6d576766,1,53.79
W293,70,66.8,6d576766,1,68.909
W224,63,58.2,6d576766,1,61.364
W138,52,48.6,6d576766,1,50.841
W322,67,66.4,6d576766,1,66.795
W46,67,68.9,718cb358,5,67.455
W52,46,55.0,718cb358,5,51.932
W200,46,48.8,718cb358,5,47.845
W20,55,59.6,718cb358,5,58.032
W24,56,56.9,9bde234c,5,54.171
W61,56,56.2,9bde234c,5,56.132
W290,52,55.4,9bde234c,5,54.241
W131,56,57.0,9bde234c,5,56.659
W179,62,62.8,9bde234c,5,62.527
W108,46,53.8,9bde234c,5,51.141
W251,73,72.2,467805a9,1,72.727
W214,62,60.0,467805a9,1,61.318
W303,46,42.4,467805a9,1,44.773
W140,45,43.4,467805a9,1,44.455
W131,56,56.4,467805a9,1,56.599
W101,50,46.3,467805a9,1,48.515
W273,80,71.2,467805a9,1,77.0
W192,56,56.0,d8165225,3,56.0
W358,56,56.0,d8165225,3,56.0
W178,70,70.0,d8165225,3,70.0
W347,40,38.1,d8165225,3,39.152
W12,51,51.0,d8165225,3,51.0
W323,58,58.0,d8165225,3,58.0
W79,51,51.4,0201328e,3,51.239
W303,46,42.4,0201328e,3,44.555
W191,50,50.0,0201328e,3,50.0
W6,46,46.0,0201328e,3,46.0
W263,56,56.0,0201328e,3,56.0
W165,56,66.4,0201328e,3,62.226
W326,73,73.0,0201328e,3,73.0
W151,46,47.1,c399c190,4,46.659
W320,62,64.0,c399c190,4,63.037
W216,62,66.9,c399c190,4,65.23
W159,56,56.2,c399c190,4,56.132
W240,45,46.4,c399c190,4,45.923
W38,60,60.0,057cd5f4,3,60.0
W77,46,46.0,057cd5f4,3,46.0
W166,70,70.0,057cd5f4,3,70.0
W163,50,50.0,057cd5f4,3,50.0
W183,67,67.0,057cd5f4,3,67.0
W152,70,70.0,057cd5f4,3,70.0
W258,68,69.5,6f13212a,4,68.989
W19,67,67.4,6f13212a,4,67.264
W366,67,67.1,6f13212a,4,67.066
W94,46,59.0,6f13212a,4,53.199
W126,60,66.0,6f13212a,4,63.955
W333,51,49.4,667b30da,2,50.455
W90,56,50.3,667b30da,2,54.057
W164,70,69.5,667b30da,2,69.83
W355,50,52.4,667b30da,2,52.215
W363,50,49.7,667b30da,2,49.898
W226,50,49.7,667b30da,2,49.898
W8,48,48.0,3f75e52a,3,48.0
W294,58,58.0,3f75e52a,3,58.0
W258,68,69.5,3f75e52a,3,68.898
W186,50,48.4,3f75e52a,3,49.358
W18,58,58.0,3f75e52a,3,58.0
W244,40,39.7,a3fcb97d,2,39.898
W42,73,68.9,a3fcb97d,2,71.355
W11,58,57.1,a3fcb97d,2,57.693
W217,70,68.7,a3fcb97d,2,69.557
W112,56,55.8,a3fcb97d,2,55.932
W184,50,44.9,a3fcb97d,2,47.953
W121,60,57.9,a3fcb97d,2,59.284
W28,61,60.4,e37d4b61,1,60.795
W195,40,36.3,e37d4b61,1,38.515
W68,60,49.0,e37d4b61,1,57.023
W178,70,69.6,e37d4b61,1,69.839
W263,56,55.4,e37d4b61,1,55.732
W201,58,55.8,e37d4b61,1,57.25
W61,56,55.2,e37d4b61,1,55.799
W247,61,62.6,6b348e6d,5,62.055
W118,42,43.8,6b348e6d,5,43.186
W283,50,48.0,6b348e6d,5,48.395
W41,68,70.4,6b348e6d,5,69.437
W349,70,77.6,6b348e6d,5,75.009
W176,75,79.0,6b348e6d,5,77.636
W157,70,71.4,6b348e6d,5,70.923
W52,46,52.9,4b6da6e0,2,51.388
W148,46,45.5,4b6da6e0,2,45.83
W159,56,55.7,4b6da6e0,2,55.999
W363,50,49.1,4b6da6e0,2,49.639
W238,51,46.6,4b6da6e0,2,49.5
W368,52,50.1,4b6da6e0,2,51.352
W343,52,54.1,e9d1e194,4,53.384
W29,52,52.5,e9d1e194,4,52.33
W367,50,50.9,e9d1e194,4,50.593
W278,68,69.2,e9d1e194,4,68.791
W155,40,41.5,e9d1e194,4,40.831
W275,62,62.6,e9d1e194,4,62.395
W188,68,72.4,e9d1e194,4,70.634
W334,58,58.0,f4f4df1f,3,58.0
W40,56,56.0,f4f4df1f,3,56.0
W89,36,36.0,f4f4df1f,3,36.0
W64,52,52.0,f4f4df1f,3,52.0
W335,60,61.6,f4f4df1f,3,60.958
W310,56,53.8,fc573cc8,1,55.25
W377,61,58.0,fc573cc8,1,59.977
W382,50,47.2,fc573cc8,1,49.045
W68,60,40.6,fc573cc8,1,52.673
W266,62,60.4,fc573cc8,1,61.455
W143,62,60.0,fc573cc8,1,61.197
W326,73,79.8,73e30c85,4,77.071
W184,50,45.7,73e30c85,4,47.724
W366,67,68.6,73e30c85,4,67.958
W165,56,67.3,73e30c85,4,62.258
W75,68,70.7,83a141a2,4,69.78
W332,70,71.6,83a141a2,4,71.055
W315,52,57.3,83a141a2,4,55.493
W18,58,58.4,83a141a2,4,58.239
W100,70,58.8,dd4c6064,1,66.182
W81,65,58.8,dd4c6064,1,62.886
W323,58,57.0,dd4c6064,1,57.599
W254,56,48.2,dd4c6064,1,52.852
W88,60,60.0,1d6b83ed,3,60.0
W283,50,48.0,1d6b83ed,3,48.215
W144,40,40.0,1d6b83ed,3,40.0
W5,30,30.0,1d6b83ed,3,30.0
W12,51,50.6,45f49407,2,50.839
W291,75,69.4,45f49407,2,73.091
W21,50,48.7,45f49407,2,49.557
W296,62,59.3,45f49407,2,61.08
W375,70,67.8,18bbb5b5,1,69.476
W1,61,55.2,18bbb5b5,1,58.412
W236,62,57.4,18bbb5b5,1,60.432
W189,61,52.0,18bbb5b5,1,57.932
W321,62,61.0,18bbb5b5,1,61.659
W18,58,62.0,71fd59dc,5,60.215
W299,56,56.4,71fd59dc,5,56.264
W194,60,63.4,71fd59dc,5,62.241
W275,62,64.6,71fd59dc,5,63.557
W338,70,72.2,71fd59dc,5,71.45
W335,60,67.2,71fd59dc,5,63.987
W124,52,54.8,71fd59dc,5,53.845
W379,60,61.2,44024f25,5,60.791
W309,52,53.4,44024f25,5,52.923
W110,58,60.4,44024f25,5,59.582
W39,70,72.8,44024f25,5,71.845
W189,61,55.6,44024f25,5,57.388
W56,58,60.8,44024f25,5,59.845
W192,56,61.8,44024f25,5,59.472
W273,80,71.1,7caa176e,2,76.428
W340,56,54.6,7caa176e,2,55.523
W20,55,55.6,7caa176e,2,57.754
W168,50,48.4,7caa176e,2,49.358
W127,52,50.5,7caa176e,2,51.489
W278,68,68.9,7caa176e,2,68.718
W341,60,58.9,7caa176e,2,59.625
W252,70,78.1,ab1990ac,4,74.849
W239,51,52.4,ab1990ac,4,51.923
W115,55,55.8,ab1990ac,4,55.527
W171,56,56.1,ab1990ac,4,56.066
W297,55,59.1,ab1990ac,4,57.702
W244,40,41.4,ab1990ac,4,40.718
W4,60,61.0,ab1990ac,4,60.659
W275,62,65.9,d5e1f3a7,4,64.16
W6,46,47.4,d5e1f3a7,4,46.838
W241,52,53.4,d5e1f3a7,4,52.838
W265,52,55.2,d5e1f3a7,4,54.109
W52,46,54.6,d5e1f3a7,4,50.984
W185,40,41.2,d5e1f3a7,4,40.791
W40,56,56.0,5d2bbf9d,3,56.0
W12,51,50.6,5d2bbf9d,3,50.822
W88,60,60.0,5d2bbf9d,3,60.0
W255,46,46.0,5d2bbf9d,3,46.0
W364,62,62.0,5d2bbf9d,3,62.0
W13,67,66.6,9faa6130,2,66.864
W305,70,68.5,9faa6130,2,69.489
W338,70,67.6,9faa6130,2,70.354
W14,62,61.0,9faa6130,2,61.659
W313,36,34.6,9faa6130,2,35.523
W170,70,69.5,9faa6130,2,69.83
W189,61,55.0,9faa6130,2,56.984
W172,56,56.0,98cf7d0e,2,56.479
W153,50,49.9,98cf7d0e,2,49.966
W193,48,43.5,98cf7d0e,2,46.194
W372,50,48.1,98cf7d0e,2,49.352
W169,52,47.6,98cf7d0e,2,50.234
W226,50,49.2,98cf7d0e,2,49.679
W185,40,39.8,98cf7d0e,2,40.638
W247,61,67.8,50b38e20,5,65.071
W48,61,62.6,50b38e20,5,62.055
W271,50,57.2,50b38e20,5,54.746
W96,75,75.8,50b38e20,5,75.527
W26,50,50.2,50b38e20,5,50.132
W298,70,75.0,50b38e20,5,73.296
W144,40,37.1,2ed6565b,2,38.836
W166,70,69.1,2ed6565b,2,69.639
W198,56,54.7,2ed6565b,2,55.557
W33,46,45.4,2ed6565b,2,45.795
W145,42,40.3,2ed6565b,2,41.42
W241,52,50.8,2ed6565b,2,52.24
W91,52,51.4,a4e7e4d3,1,51.795
W181,52,40.4,a4e7e4d3,1,48.046
W87,65,62.6,a4e7e4d3,1,64.182
W266,62,55.0,a4e7e4d3,1,59.191
W358,56,58.6,64018c9d,5,57.557
W143,62,61.0,64018c9d,5,61.108
W35,56,68.0,64018c9d,5,63.909
W195,40,38.7,64018c9d,5,38.349
W206,48,50.0,64018c9d,5,49.318
W329,63,73.4,4db17e5e,5,69.855
W274,65,69.0,4db17e5e,5,67.636
W150,42,42.4,4db17e5e,5,42.264
W176,75,82.6,4db17e5e,5,79.55
W123,40,41.6,4db17e5e,5,41.055
W330,56,56.0,3d274b90,3,56.0
W94,46,59.0,3d274b90,3,52.765
W8,48,48.0,3d274b90,3,48.0
W268,68,68.0,3d274b90,3,68.0
W301,50,50.0,3d274b90,3,50.0
W356,40,40.0,3d274b90,3,40.0
W247,61,67.8,3d274b90,3,64.766
W75,68,69.5,ac6c5914,2,69.616
W12,51,47.1,ac6c5914,2,49.13
W58,58,57.1,ac6c5914,2,57.693
W148,46,43.8,ac6c5914,2,45.117
W205,56,54.4,ac6c5914,2,55.455
W237,70,68.9,ac6c5914,2,69.625
W172,56,56.0,5458e467,3,56.443
W110,58,60.4,5458e467,3,59.437
W282,70,70.0,5458e467,3,70.0
W96,75,75.8,5458e467,3,75.479
W189,61,55.0,5458e467,3,56.684
W282,70,68.4,8bb7d5a5,1,69.358
W235,70,59.8,8bb7d5a5,1,66.523
W2,62,57.4,8bb7d5a5,1,60.154
W269,63,62.6,8bb7d5a5,1,62.864
W10,65,61.8,8bb7d5a5,1,63.909
W150,42,47.7,aeb22d2d,4,45.413
W233,52,53.8,aeb22d2d,4,53.186
W143,62,62.1,aeb22d2d,4,61.093
W80,52,53.8,aeb22d2d,4,53.186
W178,70,78.8,f50e8f79,5,74.695
W258,68,71.7,f50e8f79,5,70.049
W195,40,42.9,f50e8f79,5,39.735
W263,56,59.6,f50e8f79,5,57.586
W231,70,70.2,f50e8f79,5,70.132
W217,70,68.7,12643762,3,69.478
W361,40,40.0,12643762,3,40.0
W217,70,68.7,12643762,3,69.478
W118,42,43.8,12643762,3,43.078
W359,46,46.0,16ea530d,3,46.0
W239,51,52.4,16ea530d,3,51.838
W299,56,56.4,16ea530d,3,56.239
W275,62,65.9,16ea530d,3,64.03
W171,56,56.1,16ea530d,3,56.06
W113,51,51.0,16ea530d,3,51.0
W348,63,63.0,5bea9dd2,3,63.0
W282,70,68.4,5bea9dd2,3,69.286
W195,40,42.9,5bea9dd2,3,39.573
W320,62,64.0,5bea9dd2,3,62.929
W344,52,52.6,5bea9dd2,3,52.359
W157,70,71.4,5bea9dd2,3,70.838
W235,70,60.2,9dc91efb,5,65.907
W3,56,64.2,9dc91efb,5,60.909
W198,56,59.9,9dc91efb,5,57.813
W37,46,55.6,9dc91efb,5,51.748
W345,65,67.2,9dc91efb,5,66.45
W77,46,46.0,57e058ad,3,46.0
W271,50,57.2,57e058ad,3,54.311
W228,50,50.0,57e058ad,3,50.0
W173,68,68.0,57e058ad,3,68.0
W357,70,70.0,57e058ad,3,70.0
W372,50,48.1,57e058ad,3,49.238
W233,52,53.3,0c8ef536,2,53.078
W191,50,48.9,0c8ef536,2,49.559
W21,50,46.4,0c8ef536,2,48.555
W343,52,51.9,0c8ef536,2,53.217
W270,68,65.0,0c8ef536,2,66.977
W201,58,54.9,0c8ef536,2,56.756
W215,52,49.9,49493f8f,2,51.284
W225,70,68.8,49493f8f,2,69.591
W319,55,52.3,49493f8f,2,54.08
W284,50,48.4,49493f8f,2,49.455
W284,50,49.3,49493f8f,2,49.761
W82,68,67.8,49493f8f,2,67.92
W279,58,56.5,49493f8f,2,57.489
W112,56,55.1,f8683ea8,2,55.639
W279,58,53.5,f8683ea8,2,56.194
W356,40,38.1,f8683ea8,2,39.238
W338,70,64.9,f8683ea8,2,68.943
W156,68,66.3,f8683ea8,2,67.42
W34,52,50.3,c47aa501,2,51.42
W121,60,56.1,c47aa501,2,58.435
W370,70,69.3,c47aa501,2,69.761
W261,42,40.8,c47aa501,2,41.591
W132,80,76.1,c47aa501,2,78.67
W264,56,55.3,c47aa501,2,55.761
W343,52,52.2,a4b8d0f0,4,53.118
W14,62,61.8,a4b8d0f0,4,61.599
W364,62,62.5,a4b8d0f0,4,62.299
W318,40,42.1,a4b8d0f0,4,41.163
W210,60,67.9,a4b8d0f0,4,65.207
W213,65,61.0,4abda791,1,63.636
W136,40,36.8,4abda791,1,38.909
W210,60,61.5,4abda791,1,64.73
W46,67,66.5,4abda791,1,67.294
W307,50,46.0,4abda791,1,48.395
W306,68,67.0,2db9e228,2,67.659
W326,73,79.6,2db9e228,2,76.766
W248,52,49.7,2db9e228,2,51.216
W8,48,46.3,2db9e228,2,47.241
W350,58,56.2,2db9e228,2,57.386
W215,52,48.3,2db9e228,2,50.515
W383,62,60.6,2db9e228,2,61.523
W91,52,54.2,af8718d0,5,53.076
W24,56,57.3,af8718d0,5,54.087
W281,70,81.4,af8718d0,5,77.514
W363,50,49.5,af8718d0,5,49.598
W128,68,73.0,af8718d0,5,71.296
W269,63,62.8,24d33a01,4,62.839
W253,40,40.7,24d33a01,4,40.461
W315,52,58.1,24d33a01,4,55.652
W106,70,79.0,24d33a01,4,75.388
W283,50,49.4,24d33a01,4,48.082
W351,70,72.3,24d33a01,4,71.516
W136,40,32.8,c806d0ed,2,37.111
W50,75,71.6,c806d0ed,2,73.841
W193,48,43.0,c806d0ed,2,45.769
W224,63,57.9,c806d0ed,2,60.953
W215,52,46.5,c806d0ed,2,49.546
W69,51,47.7,6a5afaf7,2,49.875
W112,56,54.2,6a5afaf7,2,55.197
W84,40,38.3,6a5afaf7,2,39.42
W150,42,46.5,6a5afaf7,2,45.157
W39,70,71.1,6a5afaf7,2,71.676
W152,70,68.8,6a5afaf7,2,69.518
W20,55,53.6,dc6fecc7,1,56.923
W100,70,56.6,dc6fecc7,1,64.623
W94,46,55.6,dc6fecc7,1,52.447
W211,60,55.8,dc6fecc7,1,58.315
W349,70,77.2,dc6fecc7,1,74.55
W212,62,55.2,dc6fecc7,1,59.682
W24,56,54.7,dc6fecc7,1,53.847
W227,52,45.7,1c746b3a,1,49.472
W345,65,63.6,1c746b3a,1,65.755
W239,51,48.0,1c746b3a,1,50.437
W217,70,62.1,1c746b3a,1,66.211
W266,62,53.6,0077b14c,1,58.252
W325,46,42.4,0077b14c,1,44.773
W135,50,39.8,0077b14c,1,46.523
W8,48,43.5,0077b14c,1,45.842
W48,61,60.6,0077b14c,1,61.797
W176,75,82.6,124ca2e9,3,79.209
W376,58,58.0,124ca2e9,3,58.0
W320,62,64.0,124ca2e9,3,62.849
W335,60,67.2,124ca2e9,3,63.747
W16,75,75.0,124ca2e9,3,75.0
W286,62,63.6,15b38f18,5,63.055
W225,70,78.4,15b38f18,5,74.548
W100,70,59.0,15b38f18,5,64.021
W7,42,43.0,15b38f18,5,42.659
W49,50,52.8,15b38f18,5,51.845
W32,68,70.6,15b38f18,5,69.557
W374,55,57.6,374c0f2a,4,56.714
W141,58,60.7,374c0f2a,4,59.78
W93,52,56.6,374c0f2a,4,55.032
W50,75,71.7,374c0f2a,4,73.636
W12,51,46.7,ee240c75,1,48.832
W293,70,66.0,ee240c75,1,68.395
W202,68,55.6,ee240c75,1,63.773
W129,46,44.2,ee240c75,1,45.278
W216,62,64.9,ee240c75,1,64.934
W30,52,50.2,ee240c75,1,51.386
W113,51,50.2,ee240c75,1,50.679
W291,75,70.5,c86ef3ae,4,72.753
W119,50,54.2,c86ef3ae,4,52.768
W75,68,69.8,c86ef3ae,4,69.495
W39,70,72.2,c86ef3ae,4,71.551
W347,40,38.6,c86ef3ae,4,39.089
W148,46,46.6,c86ef3ae,4,45.351
W70,36,37.7,83bf7131,4,37.12
W133,65,66.4,83bf7131,4,65.923
W63,40,42.0,83bf7131,4,41.318
W123,40,42.3,83bf7131,4,41.377
W364,62,66.7,83bf7131,4,64.603
W195,40,42.9,39952816,3,39.453
W53,50,52.4,39952816,3,51.437
W208,50,50.0,39952816,3,50.0
W5,30,30.0,39952816,3,30.0
W157,70,67.0,fdf75d01,2,69.437
W272,73,72.4,fdf75d01,2,72.795
W378,78,78.7,fdf75d01,2,78.718
W55,58,57.6,fdf75d01,2,57.864
W134,73,71.4,fdf75d01,2,72.455
W153,50,48.5,fdf75d01,2,49.398
W48,61,59.5,fdf75d01,2,61.217
W367,50,50.9,5f809a9e,3,50.539
W220,68,68.0,5f809a9e,3,68.0
W43,46,46.0,5f809a9e,3,46.0
W14,62,61.8,5f809a9e,3,61.554
W331,70,79.2,38387e13,5,76.064
W152,70,71.4,38387e13,5,70.24
W130,50,51.0,38387e13,5,50.659
W197,62,62.4,38387e13,5,62.264
W338,70,66.1,38387e13,5,68.699
W120,60,61.0,38387e13,5,60.599
W302,30,34.6,38387e13,5,33.032
W14,62,55.4,4b2eb62c,1,58.835
W212,62,54.6,4b2eb62c,1,59.03
W258,68,62.9,4b2eb62c,1,67.48
W180,62,57.8,4b2eb62c,1,60.568
W320,62,64.0,e7dc9886,3,62.79
W295,70,70.0,e7dc9886,3,70.0
W280,70,70.0,e7dc9886,3,70.0
W359,46,46.0,e7dc9886,3,46.0
W32,68,70.6,e7dc9886,3,69.44
W93,52,56.6,e7dc9886,3,54.754
W209,60,60.0,e7dc9886,3,60.0
W173,68,72.8,7958b175,4,70.874
W170,70,70.8,7958b175,4,70.278
W294,58,58.7,7958b175,4,58.419
W59,62,65.2,7958b175,4,64.109
W137,46,46.0,fc7174dc,3,46.0
W169,52,47.6,fc7174dc,3,50.037
W5,30,30.0,fc7174dc,3,30.0
W366,67,68.6,fc7174dc,3,67.886
W67,62,71.6,ac11eee9,5,68.327
W222,67,69.2,ac11eee9,5,68.45
W338,70,68.9,ac11eee9,5,68.52
W302,30,39.6,ac11eee9,5,35.748
W16,75,75.4,ac11eee9,5,75.239
W239,51,50.3,fa1dbb8b,4,50.29
W153,50,48.6,fa1dbb8b,4,49.331
W26,50,54.0,fa1dbb8b,4,52.395
W228,50,51.3,fa1dbb8b,4,50.778
W266,62,54.9,fa1dbb8b,4,57.971
W132,80,76.7,fa1dbb8b,4,78.435
W175,58,58.6,fa1dbb8b,4,58.395
W321,62,69.8,6343dfa6,5,66.269
W74,40,43.0,6343dfa6,5,41.977
W160,50,51.4,6343dfa6,5,50.923
W42,73,71.9,6343dfa6,5,71.171
W230,70,73.8,6343dfa6,5,72.505
W199,45,46.6,4290c8e1,5,46.055
W130,50,53.8,4290c8e1,5,52.275
W261,42,49.4,4290c8e1,5,45.949
W157,70,70.2,4290c8e1,5,69.29
W250,36,36.6,4290c8e1,5,36.395
W195,40,45.3,4290c8e1,5,40.478
W327,40,40.8,4290c8e1,5,40.527
W160,50,51.4,bd3708c4,3,50.838
W336,63,63.0,bd3708c4,3,63.0
W364,62,66.7,bd3708c4,3,64.446
W171,56,56.1,bd3708c4,3,56.055
W251,73,72.2,bd3708c4,3,72.679
W327,40,40.8,bd3708c4,3,40.479
W355,50,52.2,a929670d,1,52.082
W346,60,57.6,a929670d,1,59.182
W333,51,47.0,a929670d,1,49.395
W62,55,61.8,a929670d,1,60.149
W264,56,47.7,a929670d,1,52.669
W181,52,37.6,a929670d,1,46.221
W326,73,76.8,a929670d,1,76.539
W332,70,71.6,a9271ef0,3,70.958
W275,62,65.9,a9271ef0,3,63.934
W173,68,72.8,a9271ef0,3,70.658
W238,51,46.6,a9271ef0,3,49.234
W153,50,48.6,a9271ef0,3,49.281
W225,70,80.2,1c2b41f2,5,75.113
W372,50,48.5,1c2b41f2,5,49.152
W155,40,54.5,1c2b41f2,5,47.546
W288,52,53.6,1c2b41f2,5,53.055
W264,56,50.9,1c2b41f2,5,52.297
W37,46,57.7,c9e09920,4,52.479
W203,51,51.9,c9e09920,4,51.593
W43,46,46.8,c9e09920,4,46.479
W351,70,72.6,c9e09920,4,71.557
W325,46,48.3,c9e09920,4,45.932
W229,40,40.0,bf060dde,3,40.0
W90,56,50.3,bf060dde,3,53.713
W188,68,72.4,bf060dde,3,70.437
W39,70,72.2,bf060dde,3,71.457
W360,60,60.0,bf060dde,3,60.0
W21,50,46.4,bf060dde,3,48.394
W64,52,52.0,bf060dde,3,52.0
W358,56,58.6,cfbfa87c,3,57.44
W163,50,50.0,cfbfa87c,3,50.0
W107,56,56.0,cfbfa87c,3,56.0
W176,75,82.6,cfbfa87c,3,78.955
W50,75,66.1,1dd5c3c2,1,71.029
W230,70,68.6,1dd5c3c2,1,71.713
W345,65,55.8,1dd5c3c2,1,62.113
W4,60,60.6,1dd5c3c2,1,60.599
W86,58,57.8,1dd5c3c2,1,57.92
W88,60,59.2,1dd5c3c2,1,59.643
W221,40,40.0,9b2bcfc5,3,40.0
W169,52,47.6,9b2bcfc5,3,49.89
W85,58,58.0,9b2bcfc5,3,58.0
W139,70,70.0,9b2bcfc5,3,70.0
W131,56,59.4,c55bae40,5,57.883
W76,58,65.0,c55bae40,5,62.614
W174,70,70.8,c55bae40,5,70.527
W354,70,70.6,c55bae40,5,70.395
W379,60,64.2,c55bae40,5,62.515
W283,50,53.0,c55bae40,5,49.471
W203,51,53.9,c55bae40,5,52.736
W27,40,37.8,fd7e752c,2,39.25
W141,58,58.7,fd7e752c,2,59.616
W235,70,54.7,fd7e752c,2,63.173
W106,70,78.7,fd7e752c,2,74.984
W351,70,85.0,f50520ef,5,78.307
W320,62,64.8,f50520ef,5,63.129
W155,40,55.5,f50520ef,5,47.686
W287,40,43.6,f50520ef,5,42.373
W309,52,53.8,f50520ef,5,53.078
W122,60,60.6,f50520ef,5,60.395
W232,50,51.2,f50520ef,5,50.791
W93,52,52.6,487f1b2d,1,54.547
W97,40,36.2,487f1b2d,1,38.705
W327,40,40.6,487f1b2d,1,40.443
W124,52,43.4,487f1b2d,1,50.225
W282,70,67.8,487f1b2d,1,68.945
W279,58,43.7,085e0f8a,1,51.619
W70,36,36.1,085e0f8a,1,37.018
W56,58,58.6,085e0f8a,1,59.676
W69,51,44.7,085e0f8a,1,48.472
W378,78,75.3,085e0f8a,1,77.46
W251,73,72.2,e4d497f7,3,72.643
W281,70,81.4,e4d497f7,3,76.825
W29,52,52.5,e4d497f7,3,52.299
W107,56,56.0,e4d497f7,3,56.0
W270,68,65.0,e4d497f7,3,66.796
W165,56,67.3,e4d497f7,3,61.881
W194,60,63.4,e4d497f7,3,62.036
W239,51,50.3,047b90a5,3,50.182
W59,62,65.2,047b90a5,3,63.916
W373,56,56.0,047b90a5,3,56.0
W78,40,40.0,047b90a5,3,40.0
W195,40,47.2,996c9f11,4,41.25
W344,52,52.9,996c9f11,4,52.498
W377,61,63.1,996c9f11,4,61.053
W86,58,60.5,996c9f11,4,59.295
W93,52,52.0,2b9a34f9,1,54.394
W18,58,59.4,2b9a34f9,1,60.082
W307,50,41.6,2b9a34f9,1,46.252
W231,70,61.4,2b9a34f9,1,66.669
W82,68,66.2,2b9a34f9,1,67.197
W316,50,49.4,2b9a34f9,1,49.795
W167,36,34.6,2b9a34f9,1,35.523
W344,52,52.9,66cab154,3,52.468
W24,56,54.7,66cab154,3,53.67
W183,67,67.0,66cab154,3,67.0
W381,70,70.0,66cab154,3,70.0
W238,51,46.6,66cab154,3,49.037
W159,56,53.9,f239d9af,2,55.174
W59,62,59.6,f239d9af,2,62.701
W353,62,61.9,f239d9af,2,61.966
W177,40,38.4,f239d9af,2,39.455
W368,52,49.2,f239d9af,2,50.876
W244,40,41.4,753a1ca0,3,40.641
W97,40,36.2,753a1ca0,3,38.475
W198,56,59.9,753a1ca0,3,57.58
W282,70,67.8,753a1ca0,3,68.891
W24,56,54.7,753a1ca0,3,53.54
W292,60,60.0,753a1ca0,3,60.0
W262,52,57.9,957fbc93,2,55.655
W344,52,52.6,957fbc93,2,52.446
W76,58,64.6,957fbc93,2,62.191
W163,50,48.0,957fbc93,2,49.108
W55,58,57.0,957fbc93,2,57.599
W156,68,59.8,957fbc93,2,64.709
W122,60,60.6,69fe3975,3,60.359
W278,68,68.9,69fe3975,3,68.665
W115,55,55.8,69fe3975,3,55.479
W129,46,44.2,69fe3975,3,45.197
W74,40,42.6,111d8f0f,2,41.796
W48,61,57.1,111d8f0f,2,59.962
W304,56,53.0,111d8f0f,2,54.977
W94,46,54.3,111d8f0f,2,52.211
W336,63,60.1,111d8f0f,2,61.836
W19,67,67.4,c46667cd,3,67.239
W113,51,50.2,c46667cd,3,50.643
W179,62,62.8,c46667cd,3,62.479
W10,65,61.8,c46667cd,3,63.716
W76,58,64.6,c46667cd,3,61.877
W28,61,60.4,0681cb0d,3,60.759
W140,45,43.4,0681cb0d,3,44.358
W270,68,65.0,0681cb0d,3,66.661
W101,50,46.3,0681cb0d,3,48.349
W281,70,81.4,0681cb0d,3,76.313
W276,52,51.4,b812ac4f,2,51.759
W60,50,45.8,b812ac4f,2,48.568
W116,70,67.8,b812ac4f,2,69.25
W11,58,56.2,b812ac4f,2,57.278
W80,52,52.6,b812ac4f,2,53.078
W41,68,69.5,b812ac4f,2,69.329
W169,52,47.6,be690bfa,3,49.782
W344,52,52.6,be690bfa,3,52.43
W162,45,45.0,be690bfa,3,45.0
W183,67,67.0,be690bfa,3,67.0
W227,52,45.7,be690bfa,3,49.189
W383,62,60.6,be690bfa,3,61.438
W38,60,60.0,be690bfa,3,60.0
W110,58,63.6,e0e5bc2d,5,61.101
W163,50,49.4,e0e5bc2d,5,49.041
W99,56,59.6,e0e5bc2d,5,58.373
W221,40,51.8,e0e5bc2d,5,47.065
W121,60,57.5,544aefd1,4,58.26
W131,56,63.2,544aefd1,4,59.747
W76,58,65.3,544aefd1,4,61.799
W221,40,55.9,544aefd1,4,48.805
W74,40,42.6,ef552d2b,3,41.661
W14,62,55.4,ef552d2b,3,58.673
W210,60,61.5,ef552d2b,3,64.375
W153,50,48.6,ef552d2b,3,49.244
W256,58,58.0,ef552d2b,3,58.0
W167,36,34.6,ef552d2b,3,35.438
W44,56,59.8,28fe4081,4,58.505
W53,50,55.0,28fe4081,4,52.769
W88,60,61.3,28fe4081,4,60.293
W115,55,56.1,28fe4081,4,55.609
W258,68,64.1,28fe4081,4,67.264
W222,67,67.3,30cc9167,2,68.317
W215,52,41.1,30cc9167,2,46.772
W266,62,53.7,30cc9167,2,57.766
W357,70,68.5,30cc9167,2,69.398
W138,52,44.2,062bd839,1,48.87
W40,56,55.4,062bd839,1,55.732
W365,70,66.8,062bd839,1,68.909
W343,52,40.4,062bd839,1,47.529
W188,68,68.4,bec5f302,1,70.29
W254,56,38.8,bec5f302,1,48.063
W45,62,55.8,bec5f302,1,59.886
W288,52,53.2,bec5f302,1,52.958
W93,52,51.4,b35d9358,2,53.979
W117,46,45.7,b35d9358,2,45.898
W292,60,53.4,b35d9358,2,57.351
W77,46,44.5,b35d9358,2,45.331
W115,55,55.6,b35d9358,2,55.572
W126,60,65.5,b35d9358,2,63.592
W346,60,60.5,b270087a,4,59.336
W32,68,71.6,b270087a,4,69.873
W363,50,50.9,b270087a,4,50.037
W325,46,49.3,b270087a,4,46.221
W191,50,50.8,b270087a,4,49.952
W28,61,62.2,b270087a,4,61.397
W381,70,70.0,ea7ef18d,3,70.0
W342,46,46.0,ea7ef18d,3,46.0
W9,61,61.0,ea7ef18d,3,61.0
W65,50,47.6,ea7ef18d,3,49.037
W250,36,36.6,ea7ef18d,3,36.359
W128,68,71.5,cf9faf49,2,70.994
W89,36,35.7,cf9faf49,2,35.88
W20,55,46.0,cf9faf49,2,53.077
W169,52,47.0,cf9faf49,2,49.389
W54,65,63.0,e2689048,5,63.395
W373,56,61.8,e2689048,5,59.472
W166,70,71.9,e2689048,5,70.651
W277,50,52.2,e2689048,5,51.45
W285,60,61.2,e2689048,5,60.791
W59,62,61.0,e2689048,5,62.514
W169,52,51.6,e2689048,5,49.321
W70,36,36.1,21c06d8a,3,36.941
W6,46,47.4,21c06d8a,3,46.775
W37,46,57.7,21c06d8a,3,52.089
W106,70,78.7,21c06d8a,3,74.684
W349,70,77.2,21c06d8a,3,74.209
W168,50,58.0,3b18f1a7,5,53.716
W285,60,64.6,3b18f1a7,5,62.754
W279,58,47.7,3b18f1a7,5,51.142
W72,46,49.0,3b18f1a7,5,47.977
W105,56,56.6,d619089a,4,56.395
W44,56,60.2,d619089a,4,58.515
W125,70,70.4,d619089a,4,70.264
W32,68,79.9,d619089a,4,73.901
W4,60,60.9,d619089a,4,60.554
W73,52,52.0,39a215ee,3,52.0
W208,50,50.0,39a215ee,3,50.0
W154,50,50.0,39a215ee,3,50.0
W369,50,50.0,39a215ee,3,50.0
W197,62,62.4,39a215ee,3,62.239
W379,60,66.0,c6666188,5,63.323
W296,62,62.7,c6666188,5,61.336
W275,62,66.3,c6666188,5,64.055
W367,50,53.5,c6666188,5,51.938
W48,61,59.5,c6666188,5,59.827
W160,50,60.8,c6666188,5,55.981
W354,70,66.6,d53ca2f8,1,68.995
W172,56,52.6,d53ca2f8,1,54.786
W156,68,59.2,d53ca2f8,1,64.073
W292,60,43.6,d53ca2f8,1,52.682
W338,70,66.7,d53ca2f8,1,68.388
W93,52,55.0,2faf0903,5,53.885
W351,70,89.6,2faf0903,5,80.2
W76,58,65.5,2faf0903,5,61.719
W95,61,68.2,2faf0903,5,65.746
W82,68,70.6,2faf0903,5,68.49
W135,50,39.0,6fccbe37,2,45.586
W29,52,51.1,6fccbe37,2,51.875
W135,50,38.8,6fccbe37,2,45.505
W11,58,50.5,6fccbe37,2,54.654
W93,52,54.3,6fccbe37,2,53.814
W257,56,55.6,6fccbe37,2,55.864
W309,52,52.4,1af19112,1,52.997
W170,70,68.4,1af19112,1,69.729
W274,65,58.0,1af19112,1,64.586
W242,52,49.8,1af19112,1,51.25
W7,42,41.8,1af19112,1,42.518
W45,62,55.6,1af19112,1,59.432
W93,52,52.7,1af19112,1,53.761
W174,70,72.6,cec09f5c,5,71.557
W339,56,62.0,cec09f5c,5,59.955
W203,51,61.1,cec09f5c,5,56.593
W83,70,75.0,cec09f5c,5,73.296
W217,70,64.5,7fa5ea53,5,66.018
W171,56,58.3,7fa5ea53,5,57.197
W316,50,52.4,7fa5ea53,5,51.196
W133,65,67.6,7fa5ea53,5,66.557
W214,62,62.4,7fa5ea53,5,61.437
W200,46,55.4,7fa5ea53,5,51.628
W240,45,48.6,7fa5ea53,5,47.155
W124,52,47.4,dae4227d,5,49.713
W329,63,83.8,dae4227d,5,75.453
W327,40,44.2,dae4227d,5,42.186
W1,61,57.2,dae4227d,5,58.218
W176,75,83.2,47602c2f,4,79.066
W187,56,72.8,47602c2f,4,66.058
W213,65,68.3,47602c2f,4,65.371
W142,50,50.1,47602c2f,4,50.066
W141,58,57.3,4ca4551a,2,59.183
W364,62,66.0,4ca4551a,2,64.331
W237,70,67.6,4ca4551a,2,69.037
W336,63,59.0,4ca4551a,2,61.215
W313,36,34.1,4ca4551a,2,35.238
W378,78,71.3,4ca4551a,2,75.411
W236,62,56.4,4ca4551a,2,59.753
W189,61,55.0,d2cce00d,3,56.463
W24,56,54.7,d2cce00d,3,53.442
W21,50,46.4,d2cce00d,3,48.273
W138,52,44.2,d2cce00d,3,48.52
W215,52,41.1,d2cce00d,3,46.505
W226,50,45.6,32399be8,1,48.037
W114,56,52.2,32399be8,1,54.705
W161,52,51.2,32399be8,1,51.727
W38,60,58.0,32399be8,1,59.108
W155,40,48.5,32399be8,1,47.406
W12,51,43.9,32399be8,1,47.292
W313,36,37.1,933fa299,5,35.761
W262,52,61.7,933fa299,5,57.048
W288,52,57.0,933fa299,5,54.769
W93,52,58.3,933fa299,5,54.483
W220,68,71.8,933fa299,5,70.275
W352,61,71.6,dafa25ba,5,67.346
W270,68,70.8,dafa25ba,5,68.018
W48,61,62.3,dafa25ba,5,59.728
W93,52,59.7,dafa25ba,5,55.063
W335,60,70.4,dafa25ba,5,65.157
W301,50,53.4,dafa25ba,5,52.036
W247,61,71.8,0f2c6e7e,5,66.62
W367,50,56.9,0f2c6e7e,5,53.591
W193,48,46.4,0f2c6e7e,5,45.602
W373,56,71.0,0f2c6e7e,5,64.307
W12,51,42.1,de459080,2,46.231
W63,40,39.5,de459080,2,40.997
W56,58,53.5,de459080,2,57.543
W177,40,37.8,de459080,2,39.117
W140,45,45.8,986c074e,4,44.729
W206,48,50.7,986c074e,4,49.616
W104,40,46.3,986c074e,4,44.152
W142,50,50.7,986c074e,4,50.419
W107,56,56.4,81b7ada9,4,56.222
W351,70,90.0,81b7ada9,4,79.918
W261,42,57.4,81b7ada9,4,49.993
W265,52,55.5,81b7ada9,4,54.095
W307,50,41.8,81b7ada9,4,45.971
W132,80,77.1,81b7ada9,4,78.26
W113,51,50.5,81b7ada9,4,50.616
W49,50,52.0,8dcad633,1,51.676
W174,70,66.2,8dcad633,1,69.744
W101,50,41.7,8dcad633,1,46.019
W82,68,67.4,8dcad633,1,68.382
W183,67,66.4,8dcad633,1,66.712
W292,60,39.2,8dcad633,1,50.024
W3,56,64.2,7e8cc241,3,60.541
W260,40,40.0,7e8cc241,3,40.0
W267,58,60.4,7e8cc241,3,59.437
W268,68,68.0,7e8cc241,3,68.0
W277,50,53.6,fbf0cb26,5,52.155
W197,62,63.4,fbf0cb26,5,62.775
W91,52,56.8,fbf0cb26,5,54.391
W338,70,72.3,fbf0cb26,5,68.335
W150,42,49.7,fbf0cb26,5,46.007
W381,70,73.2,fbf0cb26,5,71.772
W181,52,40.6,fbf0cb26,5,45.575
W268,68,67.0,f84c0af2,1,67.554
W274,65,42.8,f84c0af2,1,57.31
W321,62,66.8,f84c0af2,1,65.873
W321,62,69.0,f84c0af2,1,65.873
W200,46,55.4,65a1a9e2,3,51.206
W374,55,57.6,65a1a9e2,3,56.557
W210,60,61.5,65a1a9e2,3,64.111
W133,65,67.6,65a1a9e2,3,66.44
W283,50,53.0,65a1a9e2,3,49.345
W218,52,52.0,65a1a9e2,3,52.0
W85,58,58.0,65a1a9e2,3,58.0
W145,42,39.5,d7da1438,1,40.997
W366,67,67.6,d7da1438,1,67.833
W180,62,53.0,d7da1438,1,58.388
W34,52,36.9,d7da1438,1,45.94
W354,70,66.6,d709ace5,3,68.815
W285,60,64.6,d709ace5,3,62.547
W123,40,42.3,d709ace5,3,41.274
W111,60,59.5,d709ace5,3,59.799
W359,46,46.0,d709ace5,3,46.0
W375,70,66.7,d99560f1,2,68.86
W145,42,33.7,d99560f1,2,38.297
W197,62,63.3,d99560f1,2,62.729
W92,40,38.6,d99560f1,2,39.523
W352,61,70.0,d99560f1,2,66.87
W300,52,54.8,a3ec376b,5,53.676
W11,58,50.9,a3ec376b,5,54.403
W50,75,69.5,a3ec376b,5,70.732
W335,60,80.2,a3ec376b,5,69.652
W373,56,72.2,a3ec376b,5,64.43
W338,70,74.7,a3ec376b,5,69.35
W69,51,44.6,6c0e7b91,2,48.144
W218,52,51.9,6c0e7b91,2,51.96
W182,62,60.7,6c0e7b91,2,61.557
W232,50,49.0,6c0e7b91,2,50.317
W26,50,48.3,6c0e7b91,2,51.457
W120,60,60.4,6c0e7b91,2,60.554
W16,75,73.8,b6eb816f,2,74.686
W166,70,70.5,b6eb816f,2,70.557
W374,55,56.1,b6eb816f,2,56.44
W101,50,38.7,b6eb816f,2,44.304
W187,56,70.8,b6eb816f,2,65.304
W334,58,57.5,b6eb816f,2,57.799
W289,58,57.8,ed418f8d,2,57.932
W168,50,57.1,ed418f8d,2,53.396
W237,70,63.4,ed418f8d,2,67.055
W381,70,69.3,ed418f8d,2,71.33
W185,40,39.2,ed418f8d,2,40.308
W266,62,53.5,ed418f8d,2,57.561
W294,58,58.5,a8ae6479,1,58.388
W81,65,42.0,a8ae6479,1,55.77
W239,51,50.1,a8ae6479,1,50.102
W262,52,58.9,a8ae6479,1,56.81
W192,56,67.4,3ae9ad37,5,62.313
W31,62,65.2,3ae9ad37,5,64.109
W229,40,44.2,3ae9ad37,5,42.515
W1,61,64.2,3ae9ad37,5,59.663
W160,50,60.8,0677d7d3,3,55.62
W216,62,64.9,0677d7d3,3,64.714
W291,75,70.5,0677d7d3,3,72.501
W166,70,70.5,0677d7d3,3,70.489
W78,40,40.0,0677d7d3,3,40.0
W85,58,58.0,0677d7d3,3,58.0
W45,62,55.6,0677d7d3,3,59.144
W187,56,70.9,87cf174e,4,64.743
W217,70,70.6,87cf174e,4,66.161
W239,51,52.2,87cf174e,4,50.042
W312,70,70.3,87cf174e,4,70.198
W7,42,43.2,87cf174e,4,42.575
W172,56,58.6,bc61ee86,5,55.575
W97,40,36.8,bc61ee86,5,38.304
W124,52,49.4,bc61ee86,5,49.333
W57,62,67.0,bc61ee86,5,65.296
W349,70,77.4,bc61ee86,5,73.955
W69,51,49.8,bc61ee86,5,47.931
W101,50,39.7,bc61ee86,5,44.099
W228,50,40.5,df6d4d49,1,46.481
W150,42,47.3,df6d4d49,1,45.818
W217,70,68.8,df6d4d49,1,66.046
W311,72,68.8,df6d4d49,1,70.909
W197,62,61.5,df6d4d49,1,62.442
W202,68,54.6,15dc4537,1,62.623
W7,42,34.2,15dc4537,1,38.884
W153,50,46.6,15dc4537,1,48.225
W146,70,66.6,15dc4537,1,68.841
W3,56,60.2,15dc4537,1,60.267
W224,63,57.3,15dc4537,1,60.457
W279,58,50.9,0b0c2f31,5,50.791
W255,46,46.8,0b0c2f31,5,46.479
W276,52,54.2,0b0c2f31,5,52.951
W320,62,76.4,0b0c2f31,5,68.47
W247,61,73.4,0b0c2f31,5,67.149
W208,50,47.4,1ff14f6c,2,48.84
W287,40,42.5,1ff14f6c,2,42.155
W70,36,31.3,1ff14f6c,2,34.631
W237,70,63.2,1ff14f6c,2,66.739
W56,58,53.4,1ff14f6c,2,57.251
W144,40,35.9,1ff14f6c,2,38.171
W260,40,40.0,6f39ffd3,3,40.0
W268,68,67.0,6f39ffd3,3,67.52
W375,70,66.7,6f39ffd3,3,68.73
W145,42,33.7,6f39ffd3,3,38.019
W151,46,47.1,6f39ffd3,3,46.609
W55,58,57.0,6f39ffd3,3,57.554
W16,75,73.8,6f39ffd3,3,74.633
W50,75,69.5,c02c7170,3,70.514
W10,65,61.8,c02c7170,3,63.572
W271,50,57.2,c02c7170,3,53.987
W200,46,55.4,c02c7170,3,50.892
W202,68,54.6,c02c7170,3,62.021
W357,70,68.5,c02c7170,3,69.331
W108,46,53.8,c02c7170,3,50.67
W163,50,49.4,24490a63,3,48.992
W264,56,50.9,24490a63,3,52.019
W65,50,47.6,24490a63,3,48.929
W137,46,46.0,24490a63,3,46.0
W121,60,57.5,24490a63,3,58.13
W175,58,58.6,24490a63,3,58.359
W281,70,81.4,24490a63,3,75.933
W112,56,53.0,9244b8f6,1,54.561
W10,65,61.6,9244b8f6,1,63.369
W87,65,48.6,9244b8f6,1,58.419
W374,55,53.1,9244b8f6,1,55.442
W254,56,38.0,9244b8f6,1,47.224
W315,52,57.3,9244b8f6,1,55.378
W105,56,54.8,5cb52bec,2,55.878
W83,70,71.3,5cb52bec,2,72.994
W76,58,63.6,5cb52bec,2,61.584
W52,46,53.6,5cb52bec,2,50.684
W288,52,55.4,5cb52bec,2,54.602
W286,62,64.0,3b853925,5,63.197
W195,40,47.4,3b853925,5,41.259
W48,61,65.1,3b853925,5,60.814
W120,60,72.6,3b853925,5,66.557
W285,60,65.2,3b853925,5,62.706
W348,63,65.2,3b853925,5,64.317
W174,70,67.8,3b853925,5,69.531
W312,70,74.7,3460f0c0,4,72.814
W180,62,54.0,3460f0c0,4,57.984
W188,68,69.1,3460f0c0,4,70.182
W135,50,39.9,3460f0c0,4,44.628
W140,45,45.9,3460f0c0,4,44.701
W37,46,60.4,3460f0c0,4,53.141
W21,50,46.4,26f20743,3,48.185
W102,70,70.0,26f20743,3,70.0
W115,55,55.6,26f20743,3,55.545
W80,52,52.6,26f20743,3,52.997
W339,56,62.0,6e36f791,3,59.592
W362,56,56.0,6e36f791,3,56.0
W312,70,74.7,6e36f791,3,72.603
W346,60,60.5,6e36f791,3,59.206
W56,58,53.4,6e36f791,3,57.07
W115,55,55.6,6e36f791,3,55.526
W161,52,48.8,bb4630f1,1,50.716
W280,70,65.4,bb4630f1,1,68.154
W296,62,55.9,bb4630f1,1,59.666
W139,70,66.8,bb4630f1,1,68.716
W40,56,52.4,bb4630f1,1,54.273
W134,73,72.7,f92843bc,4,72.358
W4,60,65.3,f92843bc,4,62.758
W219,55,57.2,f92843bc,4,56.45
W294,58,58.9,f92843bc,4,58.468
W130,50,55.5,f92843bc,4,53.046
W290,52,57.6,0314954f,5,55.353
W66,70,73.0,0314954f,5,71.977
W64,52,53.0,0314954f,5,52.554
W183,67,67.8,0314954f,5,67.094
W340,56,62.2,0314954f,5,59.15
W111,60,64.3,0314954f,5,62.158
W192,56,67.4,38cbafd8,3,61.933
W216,62,64.9,38cbafd8,3,64.55
W36,70,70.0,38cbafd8,3,70.0
W211,60,55.8,38cbafd8,3,58.126
W8,48,43.5,38cbafd8,3,45.732
W29,52,51.1,38cbafd8,3,51.829
W187,56,70.9,38cbafd8,3,64.331
W295,70,76.0,ea15cb61,5,73.592
W80,52,56.0,ea15cb61,5,54.082
W379,60,69.0,ea15cb61,5,64.684
W17,40,47.6,ea15cb61,5,44.55
W15,52,52.2,41e1d8a3,5,52.132
W328,73,75.6,41e1d8a3,5,74.714
W95,61,71.2,41e1d8a3,5,67.107
W193,48,47.8,41e1d8a3,5,45.48
W84,40,47.1,41e1d8a3,5,43.569
W261,42,60.4,41e1d8a3,5,51.0
W34,52,37.9,41e1d8a3,5,45.262
W157,70,69.5,45d805a9,2,69.182
W53,50,53.8,45d805a9,2,52.602
W150,42,47.2,45d805a9,2,45.679
W221,40,53.9,45d805a9,2,48.274
W4,60,60.1,45d805a9,2,62.628
W177,40,37.0,45d805a9,2,38.661
W297,55,59.1,7ad84ea1,3,57.455
W243,70,70.0,7ad84ea1,3,70.0
W355,50,52.2,7ad84ea1,3,51.984
W242,52,49.8,7ad84ea1,3,51.117
W361,40,40.0,7ad84ea1,3,40.0
W217,70,69.4,bdcbbb09,5,65.96
W55,58,58.4,bdcbbb09,5,57.729
W187,56,72.9,bdcbbb09,5,64.075
W271,50,65.2,bdcbbb09,5,57.91
W313,36,38.9,bdcbbb09,5,36.598
W204,62,65.2,bdcbbb09,5,64.109
W66,70,76.0,bdcbbb09,5,73.592
W86,58,59.4,c28f65cf,2,59.205
W304,56,52.4,c28f65cf,2,54.555
W303,46,41.3,c28f65cf,2,43.903
W292,60,38.9,c28f65cf,2,49.363
W373,56,65.3,c28f65cf,2,64.034
W24,56,50.3,d367a0ba,2,53.37
W154,50,48.2,d367a0ba,2,49.278
W36,70,69.6,d367a0ba,2,69.839
W116,70,67.6,d367a0ba,2,69.037
W27,40,34.6,d367a0ba,2,37.833
W142,50,54.9,a9c35184,4,52.714
W154,50,50.6,a9c35184,4,49.529
W102,70,71.2,a9c35184,4,70.718
W74,40,44.8,a9c35184,4,42.498
W164,70,69.5,7fd9a888,3,69.799
W181,52,40.6,7fd9a888,3,45.094
W276,52,54.2,7fd9a888,3,52.857
W315,52,57.3,7fd9a888,3,55.174
W16,75,73.8,7fd9a888,3,74.593
W168,50,57.1,7fd9a888,3,53.161
W80,52,56.0,983a0a54,3,53.984
W153,50,46.6,983a0a54,3,48.178
W109,70,70.0,983a0a54,3,70.0
W87,65,48.6,983a0a54,3,57.682
W186,50,48.4,983a0a54,3,49.286
W238,51,46.6,91218be2,3,48.89
W153,50,46.6,91218be2,3,48.144
W277,50,53.6,91218be2,3,51.994
W243,70,70.0,91218be2,3,70.0
W40,56,52.4,91218be2,3,54.185
W271,50,65.2,91218be2,3,57.538
W114,56,52.2,c87b6ff0,3,54.475
W274,65,42.8,c87b6ff0,3,56.434
W208,50,47.4,c87b6ff0,3,48.753
W340,56,62.2,c87b6ff0,3,58.809
W49,50,52.0,c87b6ff0,3,51.551
W185,40,35.0,07c93ca7,1,38.226
W304,56,50.0,07c93ca7,1,53.323
W188,68,67.7,07c93ca7,1,69.946
W147,57,46.4,07c93ca7,1,52.27
W42,73,69.5,07c93ca7,1,71.034
W98,68,61.0,07c93ca7,1,65.614
W365,70,66.8,ed30ed7b,3,68.716
W43,46,46.8,ed30ed7b,3,46.443
W201,58,54.9,ed30ed7b,3,56.617
W237,70,63.2,ed30ed7b,3,66.572
W218,52,51.9,ed30ed7b,3,51.955
W50,75,69.5,ed30ed7b,3,70.352
W44,56,60.2,ed30ed7b,3,58.326
W297,55,60.0,8c37708f,4,57.769
W181,52,40.8,8c37708f,4,44.741
W130,50,57.7,8c37708f,4,54.007
W9,61,67.7,8c37708f,4,65.011
W334,58,60.5,e824bf44,5,59.161
W70,36,34.7,e824bf44,5,34.474
W287,40,49.3,e824bf44,5,45.15
W347,40,40.2,e824bf44,5,39.141
W25,58,63.2,e824bf44,5,61.427
W12,51,38.1,9e61696a,1,43.958
W280,70,63.6,9e61696a,1,67.144
W286,62,58.0,9e61696a,1,61.323
W183,67,59.6,9e61696a,1,63.518
W147,57,44.8,c8d42481,1,51.149
W275,62,65.1,c8d42481,1,63.996
W80,52,54.8,c8d42481,1,53.911
W329,63,79.8,c8d42481,1,74.519
W192,56,55.4,c8d42481,1,61.351
W28,61,64.8,eb5ba0ca,5,62.69
W40,56,55.8,eb5ba0ca,5,54.12
W371,60,64.0,eb5ba0ca,5,62.636
W383,62,70.2,eb5ba0ca,5,65.916
W268,68,67.4,eb5ba0ca,5,67.496
W313,36,39.0,ce3881f9,4,36.53
W310,56,54.1,ce3881f9,4,55.117
W309,52,54.3,ce3881f9,4,53.197
W293,70,66.8,ce3881f9,4,68.215
W107,56,56.8,ce3881f9,4,56.416
W196,58,64.3,ce3881f9,4,62.152
W154,50,50.8,ce3881f9,4,49.553
W328,73,76.4,a7bcada4,4,75.036
W334,58,67.9,a7bcada4,4,62.912
W130,50,57.8,a7bcada4,4,53.868
W334,58,62.2,a7bcada4,4,59.946
W16,75,74.5,f09c8319,4,74.564
W356,40,40.3,f09c8319,4,39.318
W293,70,71.7,f09c8319,4,68.966
W269,63,64.1,f09c8319,4,63.431
W187,56,73.8,f09c8319,4,64.263
W137,46,46.0,44e197a7,3,46.0
W213,65,68.3,44e197a7,3,65.043
W154,50,50.8,44e197a7,3,49.489
W352,61,70.0,44e197a7,3,66.516
W313,36,38.8,c1acd1af,1,36.441
W321,62,66.4,c1acd1af,1,65.364
W162,45,41.0,c1acd1af,1,43.395
W125,70,69.6,c1acd1af,1,70.079
W260,40,27.6,c1acd1af,1,34.053
W135,50,41.5,022c248c,4,44.354
W275,62,68.3,022c248c,4,64.861
W111,60,68.0,022c248c,4,63.923
W243,70,70.2,022c248c,4,70.111
W157,70,70.6,022c248c,4,69.102
W81,65,42.2,022c248c,4,54.737
W14,62,56.2,5e572b80,5,58.553
W144,40,45.7,5e572b80,5,41.0
W114,56,55.0,5e572b80,5,54.304
W114,56,56.4,5e572b80,5,54.526
W14,62,57.8,5e572b80,5,58.553
W335,60,80.4,3c34c318,5,69.47
W98,68,61.4,3c34c318,5,65.191
W350,58,60.0,3c34c318,5,58.475
W118,42,46.2,3c34c318,5,44.326
W189,61,57.0,3c34c318,5,56.3
W300,52,66.0,3c34c318,5,59.753
W80,52,62.6,7f08d9c1,5,56.921
W366,67,68.4,7f08d9c1,5,67.793
W116,70,73.6,7f08d9c1,5,70.923
W328,73,78.8,7f08d9c1,5,76.212
W184,50,47.3,7f08d9c1,5,47.554
W275,62,69.7,7f08d9c1,5,65.44
W260,40,26.4,669c6938,1,33.144
W136,40,30.2,669c6938,1,35.627
W86,58,57.8,669c6938,1,59.139
W60,50,35.0,669c6938,1,43.98
W9,61,65.3,669c6938,1,64.71
W307,50,41.0,669c6938,1,45.463
W354,70,66.0,669c6938,1,68.394
W175,58,55.1,ea51acba,2,57.038
W167,36,33.1,ea51acba,2,34.706
W67,62,70.9,ea51acba,2,67.748
W264,56,50.2,ea51acba,2,51.816
W299,56,52.8,ea51acba,2,54.794
W52,46,53.5,bcc9a955,2,50.463
W43,46,43.7,bcc9a955,2,45.313
W364,62,65.4,bcc9a955,2,64.246
W348,63,62.0,bcc9a955,2,63.772
W376,58,56.7,bcc9a955,2,57.478
W279,58,49.2,bcc9a955,2,50.533
W262,52,62.9,e200ff2c,5,57.208
W166,70,71.9,e200ff2c,5,70.438
W298,70,86.2,e200ff2c,5,79.699
W20,55,49.4,e200ff2c,5,52.744
W266,62,49.3,e648e59f,1,55.195
W108,46,50.4,e648e59f,1,50.32
W124,52,47.6,e648e59f,1,49.053
W95,61,60.8,e648e59f,1,66.56
W378,78,71.1,e648e59f,1,75.117
W301,50,54.7,53234fef,4,52.603
W247,61,77.1,53234fef,4,68.693
W139,70,67.8,53234fef,4,68.572
W367,50,57.7,53234fef,4,53.818
W134,73,73.6,53234fef,4,72.618
W169,52,52.1,53234fef,4,49.316
W104,40,48.1,53234fef,4,44.849
W297,55,60.5,6869cb63,4,57.862
W367,50,58.5,6869cb63,4,54.061
W42,73,74.9,6869cb63,4,71.875
W132,80,79.1,6869cb63,4,78.13
W58,58,58.4,6869cb63,4,57.878
W321,62,66.4,2e31c7b4,3,65.205
W58,58,58.4,2e31c7b4,3,57.82
W33,46,45.4,2e31c7b4,3,45.759
W37,46,60.4,2e31c7b4,3,52.88
W59,62,61.0,2e31c7b4,3,62.377
W291,75,70.5,2e31c7b4,3,72.314
W7,42,34.2,2e31c7b4,3,38.663
W99,56,57.9,26fa0996,2,58.155
W204,62,60.2,26fa0996,2,63.194
W169,52,49.5,26fa0996,2,49.279
W250,36,35.9,26fa0996,2,36.288
W184,50,52.7,8f8cb2ca,4,48.768
W74,40,46.2,8f8cb2ca,4,43.075
W352,61,70.2,8f8cb2ca,4,66.257
W45,62,58.6,8f8cb2ca,4,58.931
W44,56,59.9,309d2021,2,58.186
W126,60,63.2,309d2021,2,63.323
W105,56,53.0,309d2021,2,54.994
W249,51,49.0,309d2021,2,50.318
W70,36,31.1,309d2021,2,34.253
W172,56,56.3,7502ec27,2,55.467
W307,50,40.5,7502ec27,2,45.039
W246,61,58.9,7502ec27,2,60.284
W72,46,47.6,7502ec27,2,47.796
W192,56,51.7,7502ec27,2,59.201
W184,50,67.5,fe3332a5,5,55.698
W28,61,66.8,fe3332a5,5,63.574
W40,56,58.0,fe3332a5,5,55.0
W292,60,39.9,fe3332a5,5,48.982
W156,68,58.9,214ee95e,2,63.636
W171,56,56.9,214ee95e,2,57.141
W269,63,62.5,214ee95e,2,63.333
W205,56,53.2,214ee95e,2,54.876
W201,58,54.1,214ee95e,2,56.13
W157,70,66.4,214ee95e,2,68.721
W119,50,53.7,214ee95e,2,52.515
W354,70,66.0,92d1147b,3,68.281
W294,58,58.9,92d1147b,3,58.446
W342,46,46.0,92d1147b,3,46.0
W361,40,40.0,92d1147b,3,40.0
W374,55,53.1,92d1147b,3,55.332
W328,73,78.8,92d1147b,3,76.018
W156,68,57.1,67f16662,1,62.505
W44,56,59.7,67f16662,1,58.083
W87,65,45.4,67f16662,1,55.6
W183,67,59.4,67f16662,1,63.299
W251,73,67.0,67f16662,1,70.122
W313,36,29.4,67f16662,1,33.856
W181,52,51.2,c7d2b81a,5,44.48
W378,78,72.1,c7d2b81a,5,74.97
W331,70,81.2,c7d2b81a,5,76.705
W43,46,46.3,c7d2b81a,5,45.237
W340,56,65.4,c7d2b81a,5,60.22
W183,67,60.2,c7d2b81a,5,63.214
W36,70,68.6,bcabfac3,2,69.375
W234,62,54.7,bcabfac3,2,59.511
W357,70,67.6,bcabfac3,2,68.849
W25,58,62.4,bcabfac3,2,61.113
W158,52,56.4,85f976a1,4,54.9
W358,56,60.7,85f976a1,4,58.446
W40,56,59.1,85f976a1,4,55.442
W361,40,40.8,85f976a1,4,40.416
W315,52,57.6,85f976a1,4,55.025
W305,70,69.8,85f976a1,4,69.398
W96,75,75.8,9f5d766e,3,75.443
W218,52,51.9,9f5d766e,3,51.952
W172,56,56.3,9f5d766e,3,55.385
W96,75,75.8,9f5d766e,3,75.443
W151,46,47.1,9f5d766e,3,46.572
W285,60,65.2,9f5d766e,3,62.579
W378,78,73.7,ce7aa71e,4,74.86
W297,55,61.0,ce7aa71e,4,57.975
W54,65,63.6,ce7aa71e,4,63.215
W372,50,52.4,ce7aa71e,4,50.338
W311,72,70.2,ce7aa71e,4,70.716
W4,60,62.1,ce7aa71e,4,62.532
W199,45,44.8,707472ec,2,45.878
W335,60,79.9,707472ec,2,69.264
W36,70,67.7,707472ec,2,68.897
W34,52,35.8,707472ec,2,44.23
W212,62,53.9,707472ec,2,58.386
W6,46,47.0,707472ec,2,46.729
W334,58,58.6,707472ec,2,62.469
W307,50,37.5,bbf63277,2,43.302
W349,70,76.0,bbf63277,2,73.769
W105,56,52.4,bbf63277,2,54.586
W69,51,48.6,bbf63277,2,47.774
W105,56,51.7,bbf63277,2,54.25
W206,48,49.4,bbf63277,2,49.495
W121,60,56.3,bbf63277,2,58.034
W245,40,38.3,1147b9f5,2,39.42
W128,68,70.6,1147b9f5,2,70.769
W51,50,47.4,1147b9f5,2,48.957
W4,60,60.1,1147b9f5,2,62.46
W230,70,65.5,1147b9f5,2,70.097
W314,62,60.5,1147b9f5,2,61.489
W52,46,60.5,716475cc,4,52.928
W342,46,47.2,716475cc,4,46.665
W233,52,53.7,716475cc,4,52.997
W290,52,59.0,716475cc,4,55.877
W200,46,58.4,9c6e9747,5,52.149
W210,60,63.9,9c6e9747,5,63.918
W10,65,70.0,9c6e9747,5,65.766
W18,58,61.0,9c6e9747,5,59.984
W204,62,62.0,9c6e9747,5,62.969
W314,62,61.9,9c6e9747,5,61.398
W77,46,45.9,9c6e9747,5,45.281
W349,70,76.2,21e2d102,5,73.631
W354,70,69.2,21e2d102,5,68.198
W19,67,68.4,21e2d102,5,67.775
W107,56,66.6,21e2d102,5,61.257
W197,62,67.1,21e2d102,5,64.176
W267,58,60.6,21e2d102,5,59.44
W153,50,41.2,41ae1134,2,45.132
W280,70,62.8,41ae1134,2,66.547
W192,56,50.9,41ae1134,2,58.559
W42,73,74.1,41ae1134,2,71.767
W314,62,61.5,41ae1134,2,61.331
W368,52,47.8,41ae1134,2,50.126
W325,46,48.9,41ae1134,2,45.991
W282,70,70.1,0a1bd06c,4,68.899
W16,75,76.4,0a1bd06c,4,75.007
W299,56,57.3,0a1bd06c,4,55.142
W128,68,70.8,0a1bd06c,4,70.602
W217,70,70.5,0a1bd06c,4,65.898
W266,62,49.1,73b323cb,1,54.958
W132,80,76.7,73b323cb,1,78.034
W29,52,46.7,73b323cb,1,49.576
W336,63,56.4,73b323cb,1,59.835
W6,46,36.6,73b323cb,1,41.956
W336,63,55.9,9a0b4f81,2,59.421
W176,75,80.3,9a0b4f81,2,78.918
W172,56,50.5,9a0b4f81,2,54.178
W110,58,62.8,9a0b4f81,2,60.914
W127,52,53.0,4020ca1f,4,51.997
W295,70,76.2,4020ca1f,4,73.434
W142,50,55.5,4020ca1f,4,52.862
W309,52,61.0,4020ca1f,4,56.463
W292,60,39.9,ce72a379,3,48.695
W65,50,47.6,ce72a379,3,48.849
W63,40,39.5,ce72a379,3,40.884
W307,50,37.5,ce72a379,3,43.176
W36,70,65.1,3c00e559,1,67.53
W214,62,51.4,3c00e559,1,57.492
W140,45,45.5,3c00e559,1,44.64
W380,70,65.2,3c00e559,1,68.364
W373,56,64.1,3c00e559,1,63.74
W308,62,62.9,b347ae54,4,62.593
W176,75,83.3,b347ae54,4,78.853
W216,62,65.0,b347ae54,4,64.43
W266,62,55.1,b347ae54,4,54.864
W186,50,48.4,5579af11,3,49.233
W324,58,58.0,5579af11,3,58.0
W335,60,79.9,5579af11,3,69.115
W183,67,60.2,5579af11,3,63.153
W262,52,65.4,aa1c11cc,4,58.22
W322,67,71.5,aa1c11cc,4,69.453
W368,52,48.8,aa1c11cc,4,49.986
W96,75,77.2,aa1c11cc,4,76.091
W321,62,74.6,028f7dc7,5,67.313
W95,61,63.6,028f7dc7,5,66.212
W274,65,44.0,028f7dc7,5,55.793
W247,61,78.1,028f7dc7,5,68.938
W257,56,58.4,028f7dc7,5,57.276
W173,68,75.2,028f7dc7,5,71.747
W219,55,58.8,028f7dc7,5,57.275
W180,62,54.8,dc600ea1,5,57.684
W50,75,71.9,dc600ea1,5,70.231
W91,52,57.6,dc600ea1,5,54.626
W186,50,63.2,dc600ea1,5,55.739
W130,50,59.0,dc600ea1,5,54.3
W45,62,58.6,6d88e3a8,3,58.774
W201,58,54.1,6d88e3a8,3,56.034
W75,68,69.8,6d88e3a8,3,69.405
W7,42,34.2,6d88e3a8,3,38.5
W193,48,47.8,d74323da,3,45.389
W153,50,41.2,d74323da,3,45.083
W56,58,53.4,d74323da,3,56.936
W380,70,65.2,d74323da,3,68.074
W121,60,56.3,d74323da,3,57.963
W252,70,78.1,d74323da,3,74.486
W69,51,48.0,ad93d203,2,47.658
W186,50,61.6,ad93d203,2,55.471
W371,60,60.6,ad93d203,2,62.395
W306,68,65.9,ad93d203,2,67.157
W342,46,47.1,ad93d203,2,46.624
W158,52,56.0,ad93d203,2,54.634
W81,65,39.4,ad93d203,2,52.722
W258,68,65.9,41f3005e,5,67.105
W13,67,70.0,41f3005e,5,68.636
W187,56,78.2,41f3005e,5,66.081
W359,46,47.6,41f3005e,5,46.833
W79,51,53.6,41f3005e,5,52.44
W266,62,60.5,41f3005e,5,54.793
W341,60,60.1,41f3005e,5,59.618
W111,60,70.8,a54b424f,5,65.104
W17,40,48.4,a54b424f,5,44.652
W61,56,56.8,a54b424f,5,56.086
W86,58,68.2,a54b424f,5,62.769
W3,56,61.6,a54b424f,5,60.066
W152,70,71.8,a54b424f,5,70.361
W252,70,80.7,a54b424f,5,75.568
W200,46,58.4,66e9ed79,3,51.925
W165,56,67.3,66e9ed79,3,61.604
W94,46,54.3,66e9ed79,3,52.035
W207,55,55.0,66e9ed79,3,55.0
W316,50,52.4,66e9ed79,3,51.061
W313,36,29.4,66e9ed79,3,33.759
W252,70,80.7,66e9ed79,3,75.306
W144,40,44.0,066c48bc,2,40.76
W4,60,57.2,066c48bc,2,60.878
W107,56,64.9,066c48bc,2,61.065
W95,61,62.9,066c48bc,2,65.957
W75,68,66.8,066c48bc,2,68.734
W185,40,33.2,f07a5ec8,1,37.167
W311,72,67.6,f07a5ec8,1,70.037
W118,42,43.4,f07a5ec8,1,44.186
W104,40,43.3,f07a5ec8,1,44.486
W308,62,58.9,f07a5ec8,1,61.295
W306,68,64.1,f07a5ec8,1,66.26
W197,62,64.9,f07a5ec8,1,64.1
W242,52,47.0,ab160a00,1,49.769
W159,56,51.7,ab160a00,1,54.042
W68,60,31.0,ab160a00,1,47.341
W11,58,45.5,ab160a00,1,51.699
W69,51,49.5,35c6dfcb,4,47.571
W76,58,69.6,35c6dfcb,4,63.385
W164,70,70.0,35c6dfcb,4,69.777
W116,70,74.9,35c6dfcb,4,71.399
W380,70,65.9,35c6dfcb,4,67.858
W238,51,44.7,9bb0eb4c,2,47.824
W167,36,28.9,9bb0eb4c,2,32.595
W168,50,54.4,9bb0eb4c,2,52.987
W82,68,66.2,9bb0eb4c,2,68.302
W21,50,50.0,a6aac021,5,48.12
W226,50,47.2,a6aac021,5,47.89
W66,70,76.8,a6aac021,5,73.766
W208,50,61.4,a6aac021,5,54.343
W314,62,55.5,1945c52a,1,58.883
W281,70,78.4,1945c52a,1,75.653
W271,50,63.8,1945c52a,1,57.263
W100,70,56.8,1945c52a,1,63.573
W198,56,52.5,1945c52a,1,56.351
W190,45,43.0,9c0b5425,2,44.318
W140,45,39.3,9c0b5425,2,42.453
W221,40,52.3,9c0b5425,2,47.885
W287,40,49.1,9c0b5425,2,44.84
W1,61,66.5,5d78332a,4,60.599
W218,52,57.1,5d78332a,4,54.479
W122,60,61.4,5d78332a,4,60.775
W324,58,58.7,5d78332a,4,58.419
W116,70,75.9,5d78332a,4,71.716
W281,70,79.8,67417353,4,75.447
W135,50,46.3,67417353,4,44.151
W335,60,81.3,67417353,4,69.4
W95,61,65.3,67417353,4,65.769
W115,55,55.8,2eda8ef9,4,55.511
W347,40,40.7,2eda8ef9,4,39.342
W200,46,66.6,2eda8ef9,4,55.563
W52,46,61.5,2eda8ef9,4,53.195
W9,61,65.4,2eda8ef9,4,64.487
W44,56,59.7,0add0ead,3,58.007
W98,68,61.4,0add0ead,3,64.877
W258,68,65.9,0add0ead,3,66.985
W230,70,65.5,0add0ead,3,69.819
W369,50,50.0,0add0ead,3,50.0
W69,51,49.5,0add0ead,3,47.506
W345,65,55.8,c6552283,3,61.733
W297,55,61.0,c6552283,3,57.867
W224,63,57.3,c6552283,3,60.266
W284,50,49.3,c6552283,3,49.286
W24,56,50.3,c6552283,3,53.317
W151,46,47.1,c6552283,3,46.545
W145,42,33.7,c6552283,3,37.816
W307,50,35.3,dcf7ce25,1,41.868
W77,46,42.5,dcf7ce25,1,44.236
W29,52,46.1,dcf7ce25,1,49.158
W294,58,54.7,dcf7ce25,1,56.707
W289,58,50.4,dcf7ce25,1,54.95
W138,52,42.6,dcf7ce25,1,47.492
W241,52,50.2,dcf7ce25,1,51.865
W80,52,62.2,0a3c9b4f,1,56.813
W182,62,45.5,0a3c9b4f,1,55.379
W11,58,43.3,0a3c9b4f,1,50.324
W134,73,71.4,0a3c9b4f,1,72.545
W376,58,47.1,ac29b32e,1,53.136
W331,70,79.8,ac29b32e,1,76.203
W297,55,58.4,ac29b32e,1,57.785
W337,70,66.8,ac29b32e,1,68.909
W282,70,66.9,ac29b32e,1,68.385
W238,51,40.4,ca285071,2,45.465
W163,50,47.4,ca285071,2,48.642
W21,50,48.5,ca285071,2,48.071
W326,73,75.7,ca285071,2,76.372
W220,68,70.7,ca285071,2,70.104
W84,40,47.1,6a682b4b,3,43.173
W229,40,44.2,6a682b4b,3,42.326
W201,58,54.1,6a682b4b,3,55.963
W55,58,58.4,6a682b4b,3,57.694
W53,50,53.8,6a682b4b,3,52.48
W353,62,64.1,3c202040,5,63.217
W217,70,71.3,3c202040,5,66.16
W376,58,56.5,3c202040,5,52.772
W57,62,74.6,3c202040,5,69.544
W144,40,43.6,86bab959,1,40.582
W52,46,59.5,86bab959,1,53.039
W368,52,40.2,86bab959,1,46.052
W310,56,51.9,86bab959,1,54.171
W62,55,58.0,86bab959,1,59.763
W99,56,54.9,86bab959,1,57.503
W362,56,56.0,e92c8289,3,56.0
W347,40,40.7,e92c8289,3,39.307
W126,60,63.2,e92c8289,3,63.122
W380,70,65.9,e92c8289,3,67.698
W253,40,40.7,e92c8289,3,40.419
W208,50,61.4,e92c8289,3,54.089
W304,56,51.4,e4acef07,4,53.122
W76,58,74.9,e4acef07,4,65.674
W219,55,60.0,e4acef07,4,57.769
W259,63,65.1,e4acef07,4,64.384
W210,60,66.1,97bc55aa,5,63.775
W154,50,58.0,97bc55aa,5,52.882
W67,62,71.7,97bc55aa,5,67.372
W250,36,38.7,97bc55aa,5,37.357
W252,70,83.1,97bc55aa,5,76.259
W167,36,32.9,97bc55aa,5,32.421
W312,70,75.3,97bc55aa,5,72.758
W111,60,68.8,eac0b0f1,2,64.899
W1,61,62.0,eac0b0f1,2,60.445
W342,46,45.3,eac0b0f1,2,46.242
W286,62,56.6,eac0b0f1,2,60.451
W96,75,76.9,eac0b0f1,2,76.051
W135,50,45.7,9fbc0112,2,43.999
W26,50,47.9,9fbc0112,2,51.074
W316,50,49.7,9fbc0112,2,50.961
W106,70,77.9,9fbc0112,2,74.463
W152,70,70.7,9fbc0112,2,70.288
W139,70,63.4,9fbc0112,2,66.835
W165,56,70.5,6c460e4e,5,62.928
W1,61,71.4,6c460e4e,5,62.556
W257,56,59.2,6c460e4e,5,57.594
W146,70,67.8,6c460e4e,5,68.636
W215,52,44.3,6c460e4e,5,46.308
W282,70,69.1,6c460e4e,5,68.353
W46,67,64.9,7c00ab19,1,66.982
W270,68,69.0,7c00ab19,1,67.876
W292,60,35.7,7c00ab19,1,46.735
W190,45,39.2,7c00ab19,1,42.672
W120,60,64.0,7c00ab19,1,66.248
W134,73,71.4,c5c97ca9,3,72.491
W220,68,70.7,c5c97ca9,3,69.978
W215,52,44.3,c5c97ca9,3,46.16
W160,50,60.8,c5c97ca9,3,55.356
W124,52,47.6,c5c97ca9,3,48.847
W233,52,54.1,f7e0f25e,4,53.093
W25,58,63.1,f7e0f25e,4,60.88
W28,61,69.5,f7e0f25e,4,64.748
W184,50,73.5,f7e0f25e,4,58.176
W253,40,40.9,f7e0f25e,4,40.498
W285,60,68.8,5e16b0ad,4,64.205
W352,61,70.5,5e16b0ad,4,66.065
W118,42,44.7,5e16b0ad,4,44.083
W231,70,62.6,5e16b0ad,4,66.273
W340,56,66.6,5e16b0ad,4,60.551
W244,40,41.9,5e16b0ad,4,40.845
W84,40,49.0,5e16b0ad,4,43.868
W35,56,69.9,cf923adf,4,64.322
W241,52,50.7,cf923adf,4,51.787
W108,46,53.0,cf923adf,4,50.059
W180,62,55.4,cf923adf,4,57.463
W63,40,43.4,cf923adf,4,41.53
W299,56,57.8,cf923adf,4,55.28
W90,56,50.3,4202841f,3,53.457
W214,62,51.4,4202841f,3,57.124
W93,52,59.7,4202841f,3,55.028
W315,52,57.6,4202841f,3,54.915
W368,52,40.2,4202841f,3,45.838
W118,42,44.7,4202841f,3,44.007
W87,65,45.4,4202841f,3,55.12
W380,70,72.7,1436064f,5,68.919
W138,52,54.2,1436064f,5,48.352
W248,52,50.1,1436064f,5,51.077
W89,36,36.9,1436064f,5,36.365
W338,70,74.9,3b493f8f,4,69.368
W373,56,67.7,3b493f8f,4,63.52
W157,70,69.4,3b493f8f,4,68.67
W352,61,72.4,3b493f8f,4,66.292
W150,42,48.5,3b493f8f,4,45.574
W315,52,56.8,ad68b141,1,54.832
W196,58,60.3,ad68b141,1,61.772
W314,62,53.1,ad68b141,1,57.514
W268,68,67.2,ad68b141,1,67.478
W185,40,22.2,ad68b141,1,31.278
W179,62,61.2,ad68b141,1,62.086
W74,40,46.2,7848f164,3,42.962
W111,60,68.8,7848f164,3,64.745
W209,60,60.0,7848f164,3,60.0
W306,68,64.1,7848f164,3,66.13
W41,68,69.5,7848f164,3,69.249
W189,61,57.0,e795a858,3,56.178
W235,70,54.7,e795a858,3,62.662
W226,50,47.2,e795a858,3,47.782
W185,40,22.2,e795a858,3,31.02
W108,46,53.0,e795a858,3,49.868
W309,52,60.0,9e82c929,2,56.3
W175,58,54.8,9e82c929,2,56.778
W63,40,43.2,9e82c929,2,41.434
W216,62,63.0,9e82c929,2,64.341
W95,61,61.1,9e82c929,2,65.628
W57,62,73.7,9e82c929,2,68.978
W195,40,46.0,9e82c929,2,41.198
W304,56,58.6,48c5cf90,5,54.265
W248,52,51.9,48c5cf90,5,50.974
W242,52,49.0,48c5cf90,5,49.602
W215,52,46.7,48c5cf90,5,46.05
W124,52,50.8,48c5cf90,5,48.692
W278,68,72.3,48c5cf90,5,70.238
W169,52,48.5,8218f2e9,1,49.251
W170,70,65.6,8218f2e9,1,68.306
W137,46,42.8,8218f2e9,1,44.465
W111,60,66.2,8218f2e9,1,64.631
W221,40,49.3,8218f2e9,1,47.597
W271,50,56.4,8218f2e9,1,57.056
W217,70,58.7,9a3ef22b,1,64.207
W156,68,54.9,9a3ef22b,1,61.159
W190,45,37.8,9a3ef22b,1,41.787
W195,40,42.2,9a3ef22b,1,41.152
W150,42,43.5,3f033c97,1,45.497
W45,62,57.8,3f033c97,1,58.658
W304,56,44.8,3f033c97,1,51.394
W272,73,72.0,3f033c97,1,72.599
W353,62,63.9,eb120c23,2,63.118
W104,40,42.3,eb120c23,2,44.215
W123,40,40.7,eb120c23,2,41.197
W1,61,69.2,eb120c23,2,62.438
W97,40,31.8,eb120c23,2,36.067
W261,42,68.6,9e7f4056,5,54.586
W200,46,68.6,9e7f4056,5,56.263
W232,50,51.6,9e7f4056,5,50.44
W362,56,56.8,9e7f4056,5,56.416
W225,70,83.4,9e7f4056,5,76.398
W175,58,58.0,9e7f4056,5,56.684
W159,56,50.9,1600bb3c,2,53.528
W232,50,49.8,1600bb3c,2,50.353
W257,56,55.7,1600bb3c,2,57.473
W335,60,79.5,1600bb3c,2,69.31
W177,40,34.9,1600bb3c,2,37.554
W255,46,49.0,e70101cd,5,47.661
W69,51,51.5,e70101cd,5,47.683
W12,51,42.1,e70101cd,5,43.864
W177,40,37.9,e70101cd,5,37.429
W120,60,67.2,e70101cd,5,66.02
W295,70,81.8,e70101cd,5,76.141
W145,42,33.2,d0dd40a6,2,37.405
W246,61,57.9,d0dd40a6,2,59.756
W13,67,67.7,d0dd40a6,2,68.483
W130,50,58.7,d0dd40a6,2,54.178
W78,40,38.6,d0dd40a6,2,39.375
W255,46,44.5,d0dd40a6,2,46.842
W225,70,85.6,56c38e26,5,77.131
W135,50,61.3,56c38e26,5,49.017
W267,58,61.0,56c38e26,5,59.561
W296,62,56.5,56c38e26,5,59.439
W16,75,77.6,56c38e26,5,75.526
W9,61,63.9,1270d89f,2,64.323
W369,50,49.9,1270d89f,2,49.955
W166,70,70.4,1270d89f,2,70.4
W239,51,50.3,1270d89f,2,49.998
W332,70,70.9,1270d89f,2,70.886
W375,70,62.4,1270d89f,2,66.466
W102,70,68.6,c3682d72,2,70.04
W83,70,71.1,c3682d72,2,72.769
W182,62,43.8,c3682d72,2,53.879
W55,58,54.8,c3682d72,2,56.52
W143,62,61.1,c3682d72,2,61.041
W105,56,51.1,c3682d72,2,53.728
W299,56,57.5,c3682d72,2,55.189
W104,40,37.5,a5ca3618,1,42.757
W325,46,41.1,a5ca3618,1,45.166
W42,73,70.1,a5ca3618,1,71.685
W171,56,53.5,a5ca3618,1,55.793
W319,55,52.3,859e69ad,3,53.916
W140,45,39.3,859e69ad,3,42.364
W126,60,63.2,859e69ad,3,62.975
W276,52,54.2,859e69ad,3,52.789
W167,36,32.9,859e69ad,3,32.292
W336,63,55.9,d0b1de0a,3,59.292
W253,40,40.9,d0b1de0a,3,40.468
W298,70,86.2,d0b1de0a,3,78.972
W42,73,70.1,d0b1de0a,3,71.625
W324,58,57.9,6e4638af,1,58.343
W111,60,62.2,6e4638af,1,64.549
W337,70,59.6,6e4638af,1,65.826
W91,52,55.0,6e4638af,1,54.475
W238,51,37.6,6e4638af,1,43.82
W257,56,53.1,6e4638af,1,56.125
W168,50,58.8,78e3c9c3,4,53.228
W346,60,60.6,78e3c9c3,4,59.161
W99,56,58.7,78e3c9c3,4,57.346
W234,62,56.4,78e3c9c3,4,59.071
W275,62,70.1,fb48daed,4,65.575
W211,60,62.0,fb48daed,4,59.026
W246,61,60.4,fb48daed,4,59.617
W49,50,52.9,fb48daed,4,51.509
W36,70,65.1,2ebe70b5,3,67.441
W165,56,70.5,2ebe70b5,3,62.731
W66,70,76.8,2ebe70b5,3,73.539
W362,56,56.8,2ebe70b5,3,56.397
W122,60,61.4,2ebe70b5,3,60.729
W340,56,66.6,2ebe70b5,3,60.334
W94,46,54.3,698d0e48,3,51.903
W297,55,58.4,698d0e48,3,57.725
W168,50,58.8,698d0e48,3,53.123
W168,50,58.8,698d0e48,3,53.123
W50,75,71.9,e36e4588,3,70.141
W342,46,45.3,e36e4588,3,46.208
W86,58,68.2,e36e4588,3,62.628
W341,60,60.1,e36e4588,3,59.565
W177,40,37.9,e36e4588,3,37.337
W132,80,76.7,e36e4588,3,77.963
W368,52,35.7,0e8ccd33,2,43.266
W45,62,55.5,0e8ccd33,2,58.517
W17,40,45.3,0e8ccd33,2,44.371
W157,70,69.3,0e8ccd33,2,68.634
W379,60,69.0,4e62d70d,3,64.463
W298,70,86.2,4e62d70d,3,78.43
W268,68,67.2,4e62d70d,3,67.464
W233,52,54.1,4e62d70d,3,53.041
W83,70,71.1,4e62d70d,3,72.602
W206,48,49.4,4e62d70d,3,49.405
W319,55,52.5,ddd4acf2,5,53.795
W260,40,35.6,ddd4acf2,5,32.898
W154,50,61.6,ddd4acf2,5,54.42
W241,52,57.3,ddd4acf2,5,53.592
W295,70,82.0,ddd4acf2,5,75.951
W137,46,43.0,ddd4acf2,5,44.387
W304,56,43.2,f358936d,1,50.349
W65,50,43.8,f358936d,1,46.875
W218,52,56.9,f358936d,1,54.385
W84,40,47.8,f358936d,1,43.606
W69,51,47.5,f358936d,1,47.645
W195,40,33.0,f358936d,1,39.252
W294,58,60.5,6d6ba382,5,57.392
W44,56,63.7,6d6ba382,5,59.574
W57,62,76.3,6d6ba382,5,69.442
W111,60,69.8,6d6ba382,5,64.487
W299,56,60.9,e1fd70a6,5,56.56
W208,50,65.2,e1fd70a6,5,55.663
W69,51,54.9,e1fd70a6,5,49.102
W50,75,77.3,e1fd70a6,5,71.104
W228,50,41.9,8345b6c6,5,46.12
W329,63,84.0,8345b6c6,5,73.928
W102,70,69.2,8345b6c6,5,69.953
W122,60,72.0,8345b6c6,5,65.951
W76,58,76.9,8345b6c6,5,66.445
W240,45,49.2,8345b6c6,5,47.326
W97,40,32.4,8345b6c6,5,35.866
W235,70,54.8,70a01cd0,4,62.287
W234,62,57.0,70a01cd0,4,58.743
W171,56,55.2,70a01cd0,4,55.728
W376,58,63.0,70a01cd0,4,54.985
W56,58,54.5,70a01cd0,4,56.835
W189,61,57.6,f47a96c8,4,56.087
W100,70,57.2,f47a96c8,4,63.245
W78,40,39.7,f47a96c8,4,39.329
W252,70,91.0,f47a96c8,4,79.748
W6,46,31.5,610daf84,2,39.097
W49,50,50.5,610daf84,2,51.438
W176,75,82.0,610daf84,2,78.769
W347,40,39.5,610daf84,2,39.281
W250,36,40.8,6e142a20,4,38.33
W247,61,80.6,6e142a20,4,69.9
W91,52,56.1,6e142a20,4,54.362
W189,61,58.0,6e142a20,4,56.021
W162,45,41.1,6e142a20,4,43.215
W86,58,71.1,6e142a20,4,63.84
W283,50,53.9,6e142a20,4,49.667
W288,52,54.2,f321d3ac,2,54.48
W103,58,53.1,f321d3ac,2,56.33
W237,70,62.9,f321d3ac,2,66.292
W122,60,70.9,f321d3ac,2,65.734
W77,46,41.6,f321d3ac,2,43.702
W53,50,53.7,f321d3ac,2,52.389
W192,56,49.4,f321d3ac,2,57.574
W267,58,63.4,4276a8a6,5,60.678
W52,46,59.9,4276a8a6,5,52.925
W174,70,70.0,4276a8a6,5,69.374
W343,52,42.8,4276a8a6,5,47.194
W63,40,45.2,4276a8a6,5,42.223
W223,60,70.6,4276a8a6,5,66.986
W24,56,52.1,ea7858a5,4,53.277
W51,50,54.0,ea7858a5,4,51.055
W189,61,58.9,ea7858a5,4,55.972
W73,52,52.7,ea7858a5,4,52.419
W136,40,34.0,b75fa7e7,5,35.3
W218,52,66.1,b75fa7e7,5,58.492
W365,70,67.6,b75fa7e7,5,68.572
W154,50,63.2,b75fa7e7,5,55.012
W266,62,61.3,b75fa7e7,5,54.739
W261,42,68.8,b75fa7e7,5,54.178
W276,52,57.8,b75fa7e7,5,54.458
W207,55,51.3,62d4f412,2,53.515
W214,62,50.6,62d4f412,2,56.452
W166,70,68.2,62d4f412,2,69.88
W323,58,55.0,62d4f412,2,56.661
W160,50,59.5,62d4f412,2,55.16
W97,40,39.8,1115d4de,5,35.718
W252,70,95.0,1115d4de,5,81.352
W80,52,64.4,1115d4de,5,57.54
W56,58,57.9,1115d4de,5,56.76
W52,46,61.3,1115d4de,5,52.84
W45,62,56.5,1115d4de,5,58.452
W275,62,70.7,1115d4de,5,65.803
W32,68,79.9,1e232d3b,3,73.686
W120,60,67.2,1e232d3b,3,65.849
W40,56,59.1,1e232d3b,3,55.394
W87,65,45.4,1e232d3b,3,54.765
W104,40,37.5,1e232d3b,3,42.565
W124,52,58.0,19dac36f,5,50.03
W273,80,72.1,19dac36f,5,76.029
W165,56,71.1,19dac36f,5,62.857
W322,67,78.9,19dac36f,5,73.322
W111,60,70.0,19dac36f,5,64.439
W7,42,37.0,19dac36f,5,38.378
W82,68,67.0,19dac36f,5,68.242
W377,61,65.7,fbd84ba8,5,62.264
W273,80,74.7,fbd84ba8,5,75.732
W342,46,52.5,fbd84ba8,5,48.642
W360,60,63.0,fbd84ba8,5,61.796
W217,70,59.3,fbd84ba8,5,64.171
W335,60,83.5,fbd84ba8,5,70.204
W284,50,49.3,07873784,3,49.233
W133,65,67.6,07873784,3,66.353
W247,61,80.6,07873784,3,69.757
W176,75,82.0,07873784,3,78.708
W132,80,76.7,07873784,3,77.91
W321,62,74.6,07873784,3,67.176
W93,52,59.7,07873784,3,55.004
W231,70,60.6,20261676,2,65.596
W91,52,55.7,20261676,2,54.278
W28,61,63.9,20261676,2,64.624
W69,51,52.9,20261676,2,49.072
W88,60,62.6,922286ec,4,60.886
W83,70,72.6,922286ec,4,72.48
W23,56,56.9,922286ec,4,56.593
W6,46,33.1,922286ec,4,38.881
W68,60,34.4,922286ec,4,46.571
W66,70,78.1,922286ec,4,74.017
W179,62,62.7,043a120c,4,62.033
W145,42,34.4,043a120c,4,37.285
W228,50,43.9,043a120c,4,45.856
W263,56,64.9,043a120c,4,60.111
W327,40,44.8,3f53576b,5,42.38
W186,50,62.8,3f53576b,5,55.27
W340,56,69.6,3f53576b,5,61.563
W250,36,45.4,3f53576b,5,40.439
W371,60,71.2,3f53576b,5,66.203
W2,62,57.4,60df9f10,3,59.947
W256,58,58.0,60df9f10,3,58.0
W2,62,57.4,60df9f10,3,59.947
W117,46,45.7,60df9f10,3,45.88
W188,68,67.7,60df9f10,3,69.882
W324,58,58.7,83506839,4,58.316
W183,67,60.7,83506839,4,63.107
W78,40,42.1,83506839,4,40.336
W60,50,40.2,83506839,4,43.307
W377,61,66.0,83506839,4,62.163
W375,70,62.6,83506839,4,66.318
W156,68,55.5,83506839,4,60.981
W62,55,56.6,ae49f7b6,1,59.475
W169,52,45.5,ae49f7b6,1,48.385
W262,52,51.4,ae49f7b6,1,57.757
W33,46,43.8,ae49f7b6,1,45.018
W205,56,53.2,77a3dd04,3,54.751
W291,75,70.5,77a3dd04,3,72.177
W132,80,76.7,77a3dd04,3,77.871
W323,58,55.0,77a3dd04,3,56.561
W95,61,61.1,77a3dd04,3,65.523
W336,63,55.9,77a3dd04,3,59.196
W213,65,62.1,282d2881,1,64.799
W23,56,54.5,282d2881,1,55.937
W26,50,44.5,282d2881,1,49.211
W143,62,57.1,282d2881,1,59.489
W127,52,51.4,282d2881,1,51.884
W128,68,68.4,282d2881,1,70.48
W273,80,73.5,d85b5573,2,75.514
W202,68,47.0,d85b5573,2,57.928
W339,56,61.5,d85b5573,2,59.323
W139,70,62.7,d85b5573,2,66.32
W319,55,59.4,34403e3b,4,55.995
W161,52,49.7,34403e3b,4,50.572
W21,50,49.8,34403e3b,4,48.035
W210,60,67.0,34403e3b,4,63.667
W69,51,52.5,0e0b8c32,1,49.049
W255,46,31.1,0e0b8c32,1,39.977
W95,61,59.1,0e0b8c32,1,64.506
W66,70,76.9,0e0b8c32,1,73.87
W209,60,57.0,0e0b8c32,1,58.661
W105,56,51.1,be124670,3,53.653
W140,45,39.3,be124670,3,42.297
W103,58,53.1,be124670,3,56.034
W307,50,35.3,be124670,3,41.787
W213,65,62.1,be124670,3,64.62
W311,72,67.6,be124670,3,69.89
W44,56,63.7,be124670,3,59.497
W263,56,66.7,de7b4e98,5,60.799
W23,56,55.9,de7b4e98,5,55.829
W198,56,55.5,de7b4e98,5,56.17
W79,51,55.8,de7b4e98,5,53.498
W171,56,66.8,de7b4e98,5,59.54
W136,40,39.6,1ffd0a78,4,35.06
W331,70,80.6,1ffd0a78,4,75.828
W17,40,47.2,1ffd0a78,4,44.166
W164,70,71.7,1ffd0a78,4,70.645
W308,62,61.7,ad463a0c,5,61.115
W323,58,56.6,ad463a0c,5,56.488
W95,61,60.9,ad463a0c,5,64.44
W341,60,70.1,ad463a0c,5,64.728
W229,40,44.4,ad463a0c,5,42.29
W17,40,50.8,ad463a0c,5,45.16
W125,70,67.8,ab1edf5a,1,69.24
W137,46,39.0,ab1edf5a,1,42.345
W7,42,29.0,ab1edf5a,1,35.448
W379,60,66.8,ab1edf5a,1,64.3
W111,60,66.0,ab1edf5a,1,64.406
W107,56,63.3,5022eabe,2,60.921
W29,52,40.8,5022eabe,2,46.231
W56,58,56.6,5022eabe,2,56.706
W308,62,59.9,5022eabe,2,60.982
W319,55,57.8,2ced1893,1,55.821
W309,52,58.8,2ced1893,1,56.178
W69,51,48.1,2ced1893,1,49.033
W41,68,56.7,2ced1893,1,63.494
W161,52,47.9,f40fbb92,1,50.034
W46,67,63.9,f40fbb92,1,66.38
W200,46,67.0,f40fbb92,1,56.098
W55,58,52.4,f40fbb92,1,55.185
W34,52,34.8,f40fbb92,1,43.329
W111,60,58.2,f40fbb92,1,63.642
W137,46,34.6,f40fbb92,1,39.892
W113,51,49.5,6cef65fc,2,50.244
W314,62,50.2,6cef65fc,2,55.838
W249,51,45.5,6cef65fc,2,48.793
W351,70,88.9,6cef65fc,2,79.556
W139,70,62.1,6cef65fc,2,65.875
W338,70,74.0,6cef65fc,2,69.313
W117,46,46.1,5656334b,4,45.922
W78,40,45.9,5656334b,4,42.088
W113,51,49.7,5656334b,4,50.217
W150,42,49.1,5656334b,4,45.44
W161,52,49.1,66f6d2ac,4,49.933
W181,52,53.8,66f6d2ac,4,45.12
W324,58,59.4,66f6d2ac,4,58.644
W232,50,54.9,66f6d2ac,4,51.926
W264,56,50.6,66f6d2ac,4,51.666
W77,46,41.3,8678256e,2,43.482
W214,62,49.4,8678256e,2,55.611
W340,56,68.5,8678256e,2,61.412
W54,65,63.4,8678256e,2,63.082
W166,70,62.5,8678256e,2,66.7
W370,70,69.2,8678256e,2,69.679
W246,61,59.0,8678256e,2,59.513
W236,62,57.3,bda03e64,4,59.501
W327,40,48.1,bda03e64,4,43.87
W378,78,75.8,bda03e64,4,74.778
W382,50,47.3,bda03e64,4,48.876
W285,60,70.5,bda03e64,4,64.874
W243,70,71.2,bda03e64,4,70.624
W169,52,46.4,bda03e64,4,48.366
W382,50,47.3,d6b52748,3,48.751
W115,55,55.8,d6b52748,3,55.5
W383,62,70.2,d6b52748,3,65.596
W178,70,78.8,d6b52748,3,74.388
W165,56,74.3,d2e5d7d0,5,64.176
W112,56,56.0,d2e5d7d0,5,54.488
W211,60,66.8,d2e5d7d0,5,61.255
W229,40,46.6,d2e5d7d0,5,43.273
W202,68,48.0,d2e5d7d0,5,57.414
W178,70,84.6,d2e5d7d0,5,77.038
W23,56,56.3,bea09aa1,5,55.749
W285,60,72.1,bea09aa1,5,65.495
W2,62,61.0,bea09aa1,5,59.681
W321,62,83.4,bea09aa1,5,71.008
W149,50,55.6,bea09aa1,5,53.691
W55,58,52.4,eb110d1b,3,55.125
W336,63,55.9,eb110d1b,3,59.124
W290,52,59.0,eb110d1b,3,55.643
W303,46,41.3,eb110d1b,3,43.746
W126,60,63.2,eb110d1b,3,62.867
W129,46,43.2,b350b8b9,1,44.657
W138,52,50.8,b350b8b9,1,48.142
W83,70,68.8,b350b8b9,1,71.762
W280,70,59.8,b350b8b9,1,64.858
W100,70,49.6,b350b8b9,1,59.347
W350,58,59.8,b350b8b9,1,58.304
W280,70,61.8,b350b8b9,1,65.866
W229,40,46.6,79f5d91c,3,43.153
W247,61,80.6,79f5d91c,3,69.649
W76,58,76.9,79f5d91c,3,66.341
W206,48,49.4,79f5d91c,3,49.339
W52,46,59.0,25fca539,2,52.775
W168,50,57.4,25fca539,2,52.99
W24,56,50.6,25fca539,2,53.247
W23,56,53.5,25fca539,2,55.186
W245,40,36.3,25fca539,2,38.515
W350,58,50.6,5eb66ab8,1,55.492
W17,40,47.8,5eb66ab8,1,45.013
W351,70,88.5,5eb66ab8,1,79.284
W158,52,51.4,5eb66ab8,1,54.169
W247,61,77.8,5eb66ab8,1,69.567
W162,45,42.8,7b5002d6,4,43.082
W102,70,70.7,7b5002d6,4,69.889
W187,56,82.2,7b5002d6,4,67.706
W152,70,71.8,7b5002d6,4,70.233
W291,75,72.2,7b5002d6,4,72.076
W135,50,61.3,f8bafa64,3,48.853
W300,52,66.0,f8bafa64,3,59.286
W199,45,44.8,f8bafa64,3,45.797
W272,73,72.0,f8bafa64,3,72.554
W266,62,61.3,f8bafa64,3,54.701
W241,52,57.3,f8bafa64,3,53.496
W146,70,61.9,8bae2c91,2,66.386
W304,56,42.0,8bae2c91,2,49.538
W213,65,62.0,8bae2c91,2,64.488
W338,70,72.7,8bae2c91,2,69.271
W104,40,36.0,8bae2c91,2,41.617
W352,61,74.4,c88223cb,5,67.085
W94,46,56.7,c88223cb,5,51.808
W85,58,59.0,c88223cb,5,58.52
W372,50,58.8,c88223cb,5,53.406
W86,58,73.7,c88223cb,5,64.904
W346,60,62.2,c88223cb,5,59.881
W325,46,45.1,c88223cb,5,45.018
W270,68,59.8,5de85c47,1,65.056
W376,58,60.8,5de85c47,1,54.697
W26,50,41.7,5de85c47,1,47.577
W244,40,41.5,5de85c47,1,40.791
W207,55,48.1,5de85c47,1,51.921
W58,58,57.4,5de85c47,1,57.777
W5,30,28.8,5de85c47,1,29.424
W8,48,45.3,b6caa747,5,45.65
W194,60,64.0,b6caa747,5,62.215
W210,60,79.8,b6caa747,5,68.991
W356,40,43.1,b6caa747,5,40.702
W372,50,60.8,b6caa747,5,54.168
W236,62,47.5,00d4f221,1,55.046
W226,50,43.6,00d4f221,1,46.658
W133,65,66.8,00d4f221,1,66.289
W15,52,50.0,00d4f221,1,51.317
W276,52,56.0,00d4f221,1,54.371
W167,36,31.1,00d4f221,1,32.196
W108,46,57.6,8fd166a9,5,51.542
W146,70,65.7,8fd166a9,5,66.115
W131,56,66.0,8fd166a9,5,60.959
W114,56,58.4,8fd166a9,5,55.275
W89,36,42.3,8fd166a9,5,39.135
W37,46,61.8,8fd166a9,5,53.334
W298,70,87.4,9fb3a108,4,78.629
W276,52,59.6,9fb3a108,4,55.124
W157,70,71.6,9fb3a108,4,68.695
W183,67,62.6,9fb3a108,4,63.072
W350,58,51.4,9fb3a108,4,55.261
W174,70,70.1,9fb3a108,4,69.258
W172,56,50.6,9fb3a108,4,54.119
W133,65,64.8,ac5e3ded,2,66.138
W316,50,49.4,ac5e3ded,2,50.888
W33,46,39.6,ac5e3ded,2,42.931
W145,42,32.7,ac5e3ded,2,36.923
W47,46,45.5,ac5e3ded,2,45.83
W207,55,47.8,ac5e3ded,2,51.547
W184,50,72.5,ac5e3ded,2,57.887
W207,55,54.5,2350eb26,4,51.37
W163,50,48.1,2350eb26,4,48.607
W36,70,66.1,2350eb26,4,67.375
W24,56,52.2,2350eb26,4,53.226
W303,46,43.1,bdc9d0ec,4,43.631
W239,51,51.1,bdc9d0ec,4,49.966
W197,62,66.4,bdc9d0ec,4,64.043
W20,55,50.9,bdc9d0ec,4,52.498
W137,46,39.0,bdc9d0ec,4,39.777
W119,50,48.1,d267a117,2,51.478
W217,70,58.8,d267a117,2,64.142
W256,58,57.5,d267a117,2,57.76
W230,70,64.1,d267a117,2,68.91
W383,62,69.3,d267a117,2,65.361
W256,58,56.9,d267a117,2,57.472
W77,46,41.3,43870e59,3,43.434
W134,73,71.4,43870e59,3,72.451
W13,67,67.7,43870e59,3,68.369
W1,61,69.2,43870e59,3,62.349
W361,40,40.3,b6576be8,2,40.397
W335,60,81.0,b6576be8,2,70.15
W145,42,31.4,b6576be8,2,36.136
W55,58,46.7,b6576be8,2,51.928
W306,68,60.7,9466623a,1,64.32
W237,70,60.7,9466623a,1,65.017
W199,45,41.4,9466623a,1,44.106
W226,50,43.0,9466623a,1,46.249
W308,62,55.7,9466623a,1,59.27
W217,70,52.6,9466623a,1,60.648
W237,70,61.0,3911b5a7,4,64.923
W147,57,53.2,3911b5a7,4,50.85
W17,40,48.2,3911b5a7,4,44.904
W212,62,54.8,3911b5a7,4,58.115
W224,63,49.3,01d7997c,2,56.094
W277,50,53.2,01d7997c,2,51.873
W39,70,71.0,01d7997c,2,71.389
W190,45,37.7,01d7997c,2,41.499
W269,63,62.2,01d7997c,2,63.142
W358,56,61.9,59ae42d8,5,58.926
W159,56,51.7,59ae42d8,5,53.432
W40,56,61.5,59ae42d8,5,56.416
W265,52,65.7,59ae42d8,5,59.587
W339,56,66.9,59ae42d8,5,61.672
W163,50,46.5,b81546a6,1,48.089
W11,58,41.3,b81546a6,1,49.052
W188,68,65.9,b81546a6,1,68.852
W88,60,60.8,b81546a6,1,60.825
W273,80,64.7,b81546a6,1,72.01
W129,46,39.2,b81546a6,1,42.572
W97,40,35.4,920a1d78,1,35.606
W53,50,48.7,920a1d78,1,51.624
W10,65,64.4,920a1d78,1,65.614
W254,56,33.2,920a1d78,1,44.381
W380,70,72.5,920a1d78,1,68.784
W164,70,75.9,4fe1e417,4,72.674
W74,40,47.7,4fe1e417,4,43.574
W156,68,56.3,4fe1e417,4,60.849
W252,70,97.3,4fe1e417,4,82.198
W107,56,63.7,4fe1e417,4,60.813
W60,50,41.0,4fe1e417,4,42.806
W175,58,58.0,a568845b,3,56.616
W168,50,57.4,a568845b,3,52.946
W51,50,54.0,a568845b,3,50.835
W248,52,51.9,a568845b,3,50.897
W4,60,57.2,a568845b,3,60.819
W310,56,51.9,a568845b,3,54.034
W257,56,53.1,a568845b,3,56.015
W343,52,42.8,efa657c4,3,46.946
W127,52,51.4,efa657c4,3,51.801
W277,50,53.2,efa657c4,3,51.785
W218,52,66.1,efa657c4,3,58.348
W17,40,48.2,f0e5f6b7,3,44.825
W191,50,50.8,f0e5f6b7,3,49.889
W221,40,49.3,f0e5f6b7,3,47.381
W48,61,65.1,f0e5f6b7,3,60.733
W50,75,77.3,f0e5f6b7,3,71.043
W328,73,81.2,be0cf076,5,77.066
W18,58,64.2,be0cf076,5,60.962
W376,58,66.6,be0cf076,5,56.152
W264,56,55.6,be0cf076,5,51.553
W63,40,45.8,be0cf076,5,42.424
W330,56,56.8,be0cf076,5,56.479
W82,68,69.2,be0cf076,5,68.198
W133,65,64.8,82c33217,3,66.1
W63,40,45.8,82c33217,3,42.361
W13,67,67.7,82c33217,3,68.286
W182,62,43.8,82c33217,3,53.271
W164,70,75.9,82c33217,3,72.558
W158,52,51.4,82c33217,3,54.002
W203,51,61.1,ecbf0896,3,56.256
W262,52,51.4,ecbf0896,3,57.655
W55,58,46.7,ecbf0896,3,51.863
W126,60,63.2,ecbf0896,3,62.785
W272,73,72.0,ecbf0896,3,72.52
W116,70,73.3,983a0bec,1,71.566
W342,46,41.3,983a0bec,1,46.386
W103,58,48.9,983a0bec,1,53.94
W107,56,61.7,983a0bec,1,60.736
W341,60,68.3,8655630c,1,64.454
W151,46,45.5,8655630c,1,46.264
W360,60,62.6,8655630c,1,61.661
W189,61,54.9,8655630c,1,55.934
W302,30,28.6,8655630c,1,34.692
W52,46,57.8,8655630c,1,52.73
W205,56,51.3,daac9375,2,53.746
W58,58,56.1,daac9375,2,57.241
W367,50,54.9,daac9375,2,53.946
W344,52,49.4,daac9375,2,51.025
W132,80,74.9,a6110b73,1,77.179
W210,60,74.4,a6110b73,1,68.847
W96,75,76.5,a6110b73,1,76.021
W108,46,51.2,a6110b73,1,51.385
W123,40,34.7,a6110b73,1,38.469
W257,56,54.7,275d0987,4,55.932
W292,60,38.0,275d0987,4,46.557
W381,70,70.5,275d0987,4,71.234
W372,50,65.7,275d0987,4,56.27
W161,52,47.5,cede22d8,2,49.65
W132,80,74.8,cede22d8,2,77.095
W383,62,67.6,cede22d8,2,65.187
W111,60,51.6,cede22d8,2,59.864
W109,70,73.2,a3c9525a,4,71.916
W200,46,70.1,a3c9525a,4,56.635
W165,56,77.6,a3c9525a,4,65.532
W66,70,77.3,a3c9525a,4,73.76
W336,63,52.5,96e2b731,2,57.191
W342,46,41.0,96e2b731,2,46.138
W353,62,61.7,96e2b731,2,62.949
W350,58,50.8,96e2b731,2,55.091
W272,73,71.2,96e2b731,2,72.093
W101,50,37.0,96e2b731,2,43.035
W66,70,79.3,420a6615,5,74.223
W23,56,56.1,420a6615,5,55.125
W333,51,47.8,420a6615,5,49.215
W252,70,97.7,420a6615,5,82.224
W169,52,56.2,420a6615,5,50.121
W79,51,58.6,420a6615,5,54.769
W17,40,49.8,420a6615,5,44.766
W245,40,35.1,3370410c,2,37.814
W308,62,54.8,3370410c,2,58.67
W292,60,33.5,3370410c,2,45.194
W151,46,45.3,3370410c,2,46.136
W118,42,43.7,3370410c,2,43.95
W101,50,35.0,3370410c,2,41.812
W314,62,50.0,3370410c,2,55.57
W111,60,51.6,08b1ea32,3,59.837
W357,70,67.6,08b1ea32,3,68.79
W84,40,47.8,08b1ea32,3,43.412
W60,50,41.0,08b1ea32,3,42.438
W200,46,70.1,08b1ea32,3,56.534
W131,56,66.0,08b1ea32,3,60.778
W93,52,59.7,08b1ea32,3,54.985
W72,46,46.6,a12872fb,2,47.661
W13,67,66.6,a12872fb,2,68.225
W209,60,56.6,a12872fb,2,58.369
W96,75,75.1,a12872fb,2,75.999
W58,58,55.2,a12872fb,2,56.729
W206,48,45.4,a12872fb,2,47.932
W293,70,70.5,a12872fb,2,68.827
W22,60,61.6,6c5b3ffd,1,62.036
W262,52,47.6,6c5b3ffd,1,55.455
W137,46,38.4,6c5b3ffd,1,39.694
W142,50,45.3,6c5b3ffd,1,50.358
W179,62,59.1,6c5b3ffd,1,60.935
W25,58,64.5,71f2c8e5,4,61.383
W92,40,44.3,71f2c8e5,4,42.013
W122,60,73.2,71f2c8e5,4,66.127
W124,52,58.6,71f2c8e5,4,50.191
W169,52,56.2,870332e3,3,50.105
W257,56,54.7,870332e3,3,55.87
W103,58,48.9,870332e3,3,53.636
W11,58,41.3,870332e3,3,48.883
W85,58,59.0,870332e3,3,58.496
W83,70,68.8,870332e3,3,71.678
W234,62,57.0,870332e3,3,58.499
W181,52,52.4,054bdd08,1,44.956
W311,72,64.6,054bdd08,1,68.27
W143,62,55.7,054bdd08,1,58.671
W156,68,52.7,054bdd08,1,59.536
W314,62,43.4,054bdd08,1,51.846
W165,56,74.0,054bdd08,1,65.441
W371,60,70.8,054bdd08,1,65.828
W162,45,40.6,835ae27b,1,42.782
W100,70,38.2,835ae27b,1,52.962
W182,62,41.8,835ae27b,1,51.817
W67,62,69.1,835ae27b,1,67.048
W195,40,31.4,835ae27b,1,38.31
W307,50,35.1,835ae27b,1,41.613
W160,50,55.0,ff7b7b9d,2,55.013
W208,50,64.9,ff7b7b9d,2,55.483
W30,52,49.4,ff7b7b9d,2,50.957
W23,56,55.3,ff7b7b9d,2,55.078
W169,52,55.8,ff7b7b9d,2,50.09
W192,56,48.2,ff7b7b9d,2,56.779
W118,42,41.7,ff7b7b9d,2,43.743
W208,50,72.1,1e9784fc,5,58.436
W11,58,42.9,1e9784fc,5,48.762
W263,56,70.9,1e9784fc,5,62.595
W138,52,55.4,1e9784fc,5,48.542
W163,50,47.5,1e9784fc,5,48.064
W299,56,62.3,1e9784fc,5,57.114
W50,75,75.5,e0ee8497,2,70.996
W381,70,68.8,e0ee8497,2,70.902
W362,56,53.7,e0ee8497,2,55.181
W60,50,37.6,e0ee8497,2,42.167
W2,62,60.5,937a2a44,2,59.598
W101,50,34.0,937a2a44,2,41.149
W123,40,31.9,937a2a44,2,36.869
W343,52,42.0,937a2a44,2,46.76
W281,70,78.1,937a2a44,2,75.292
W186,50,59.8,937a2a44,2,55.121
W173,68,75.0,937a2a44,2,71.57
W64,52,53.4,45ab788a,4,52.729
W258,68,66.4,45ab788a,4,66.896
W335,60,81.4,45ab788a,4,70.114
W34,52,36.6,45ab788a,4,43.018
W354,70,71.5,45ab788a,4,68.553
W332,70,75.5,45ab788a,4,72.862
W33,46,40.6,78b078bc,5,42.774
W296,62,57.5,78b078bc,5,59.272
W149,50,57.6,78b078bc,5,54.55
W143,62,60.5,78b078bc,5,58.606
W34,52,37.2,78b078bc,5,42.784
W351,70,97.9,78b078bc,5,82.669
W156,68,53.9,78b078bc,5,59.452
W219,55,60.0,86dc0199,3,57.602
W210,60,74.4,86dc0199,3,68.738
W294,58,60.5,86dc0199,3,57.334
W318,40,42.1,86dc0199,3,41.093
W193,48,47.8,86dc0199,3,45.321
W327,40,48.1,86dc0199,3,43.76
W99,56,58.7,86dc0199,3,57.231
W195,40,31.0,efcae4a7,2,38.059
W334,58,57.3,efcae4a7,2,62.221
W272,73,67.1,efcae4a7,2,69.919
W310,56,49.4,efcae4a7,2,52.673
W134,73,70.5,efcae4a7,2,71.939
W375,70,61.8,efcae4a7,2,65.885
W153,50,40.3,badb88cf,2,44.54
W377,61,65.6,badb88cf,2,61.967
W132,80,68.3,badb88cf,2,73.414
W235,70,54.2,badb88cf,2,61.749
W47,46,43.9,badb88cf,2,45.157
W380,70,74.2,14b246f8,4,69.378
W100,70,40.0,14b246f8,4,52.64
W366,67,70.2,14b246f8,4,68.529
W88,60,62.6,14b246f8,4,60.778
W138,52,58.3,14b246f8,4,49.729
W85,58,59.0,73a004d0,3,58.478
W193,48,47.8,73a004d0,3,45.27
W128,68,68.4,73a004d0,3,70.389
W174,70,70.1,73a004d0,3,69.171
W90,56,50.3,73a004d0,3,53.266
W264,56,55.6,73a004d0,3,51.469
W126,60,63.2,4133ac44,3,62.725
W10,65,64.4,4133ac44,3,65.499
W354,70,71.5,4133ac44,3,68.498
W312,70,75.3,4133ac44,3,72.628
W287,40,49.1,4133ac44,3,44.612
W78,40,45.9,4133ac44,3,41.989
W71,68,67.0,4133ac44,3,67.599
W210,60,74.4,889bb7db,3,68.655
W15,52,50.0,889bb7db,3,51.218
W300,52,66.0,889bb7db,3,58.943
W84,40,47.8,889bb7db,3,43.267
W125,70,67.8,889bb7db,3,69.153
W33,46,40.6,889bb7db,3,42.658
W334,58,70.5,352a8547,5,63.294
W228,50,46.1,352a8547,5,45.66
W74,40,50.7,352a8547,5,44.859
W119,50,49.7,352a8547,5,51.274
W183,67,62.3,772bf06f,2,63.047
W219,55,58.8,772bf06f,2,57.48
W145,42,30.8,772bf06f,2,35.743
W222,67,62.1,772bf06f,2,66.032
W94,46,56.2,772bf06f,2,51.737
W43,46,44.1,772bf06f,2,45.181
W163,50,45.7,2836d762,1,47.598
W360,60,60.4,2836d762,1,61.561
W167,36,30.9,2836d762,1,32.124
W347,40,39.1,2836d762,1,39.262
W107,56,51.3,2836d762,1,58.052
W219,55,53.8,2836d762,1,56.762
W244,40,37.7,01773451,2,39.707
W288,52,52.9,01773451,2,54.389
W247,61,75.8,01773451,2,69.51
W22,60,60.7,01773451,2,61.883
W282,70,68.1,01773451,2,68.33
W119,50,49.3,01773451,2,51.125
W324,58,58.8,01773451,2,58.617
W195,40,32.3,30cdd899,4,38.036
W56,58,58.5,30cdd899,4,56.666
W109,70,73.9,30cdd899,4,72.16
W130,50,59.8,30cdd899,4,54.45
W70,36,33.5,30cdd899,4,34.164
W66,70,80.7,30cdd899,4,74.781
W246,61,60.2,30cdd899,4,59.437
W43,46,39.1,feb85cc7,2,42.674
W207,55,53.1,feb85cc7,2,51.24
W230,70,63.5,feb85cc7,2,68.421
W181,52,51.9,feb85cc7,2,44.838
W52,46,57.1,feb85cc7,2,52.694
W151,46,43.5,feb85cc7,2,45.135
W259,63,64.1,4d118d96,2,64.257
W316,50,47.9,4d118d96,2,50.05
W184,50,71.3,4d118d96,2,57.678
W26,50,38.2,4d118d96,2,45.534
W153,50,39.9,4d118d96,2,44.285
W165,56,73.5,4d118d96,2,65.379
W133,65,62.9,4d118d96,2,65.034
W144,40,42.5,1c9e0b6c,2,40.449
W345,65,55.5,1c9e0b6c,2,61.302
W151,46,36.4,1c9e0b6c,2,41.181
W63,40,44.3,1c9e0b6c,2,42.315
W232,50,55.7,1b02aa2f,5,52.201
W91,52,69.5,1b02aa2f,5,59.619
W329,63,87.6,1b02aa2f,5,75.199
W325,46,46.9,1b02aa2f,5,44.906
W333,51,48.2,a273f17c,4,49.082
W111,60,52.1,a273f17c,4,59.82
W207,55,55.1,a273f17c,4,51.189
W296,62,62.3,a273f17c,4,59.149
W286,62,58.9,a273f17c,4,60.27
W59,62,60.0,a3dd0350,2,62.276
W333,51,48.1,a3dd0350,2,48.984
W64,52,52.2,a3dd0350,2,52.694
W354,70,70.5,a3dd0350,2,68.457
W196,58,54.0,a3dd0350,2,59.704
W129,46,38.8,a3dd0350,2,42.24
W285,60,79.9,7339edfe,5,68.891
W194,60,67.4,7339edfe,5,63.851
W95,61,63.9,7339edfe,5,64.389
W209,60,57.8,7339edfe,5,58.286
W350,58,52.4,7339edfe,5,54.963
W345,65,58.5,7339edfe,5,61.09
W122,60,71.8,abdd2645,1,65.994
W253,40,38.5,abdd2645,1,39.69
W193,48,37.6,abdd2645,1,42.247
W185,40,21.0,abdd2645,1,30.173
W166,70,60.9,abdd2645,1,65.754
W227,52,42.5,abdd2645,1,47.444
W53,50,46.9,3871ce54,1,50.578
W103,58,46.1,3871ce54,1,52.001
W165,56,70.7,3871ce54,1,65.329
W178,70,81.8,3871ce54,1,76.767
W24,56,44.6,3871ce54,1,50.085
W130,50,57.6,3871ce54,1,54.379
W304,56,33.6,f29992ad,1,44.77
W323,58,52.0,f29992ad,1,54.867
W350,58,48.6,f29992ad,1,53.777
W37,46,58.6,f29992ad,1,53.175
W272,73,71.3,f17f59ad,5,69.839
W261,42,70.6,f17f59ad,5,54.633
W334,58,73.3,f17f59ad,5,64.449
W3,56,63.4,f17f59ad,5,59.918
W158,52,60.8,f17f59ad,5,56.061
W154,50,62.8,0043cc05,2,54.902
W31,62,62.7,0043cc05,2,63.916
W362,56,52.0,0043cc05,2,54.228
W379,60,65.5,0043cc05,2,64.178
W372,50,61.6,0043cc05,2,56.092
W46,67,65.7,73342d02,5,66.289
W78,40,60.9,73342d02,5,48.726
W55,58,47.1,73342d02,5,51.814
W343,52,42.8,73342d02,5,46.621
W373,56,69.7,73342d02,5,63.356
W353,62,58.7,e8d61daf,1,61.378
W172,56,47.4,e8d61daf,1,52.343
W45,62,55.5,e8d61daf,1,58.404
W139,70,61.5,e8d61daf,1,65.446
W190,45,34.3,e8d61daf,1,39.606
W300,52,58.6,e8d61daf,1,58.689
W115,55,54.4,e8d61daf,1,55.16
W151,46,39.6,4f994fc8,5,41.122
W288,52,55.3,4f994fc8,5,54.321
W63,40,48.1,4f994fc8,5,43.295
W263,56,71.5,4f994fc8,5,62.711
W197,62,67.6,4f994fc8,5,64.225
W134,73,79.3,4f994fc8,5,74.496
W60,50,37.6,23710a91,3,41.963
W56,58,58.5,23710a91,3,56.635
W243,70,71.2,23710a91,3,70.595
W134,73,79.3,23710a91,3,74.432
W377,61,65.6,23710a91,3,61.822
W314,62,43.4,23710a91,3,51.71
W218,52,66.1,23710a91,3,58.245
W37,46,61.4,341e9570,5,53.059
W310,56,59.8,341e9570,5,54.369
W368,52,37.5,341e9570,5,43.102
W28,61,65.3,341e9570,5,64.532
W367,50,58.5,341e9570,5,53.86
W354,70,71.4,b7c6bf0a,4,68.427
W263,56,72.5,b7c6bf0a,4,63.04
W247,61,77.5,b7c6bf0a,4,69.465
W62,55,58.5,b7c6bf0a,4,59.265
W244,40,41.1,b7c6bf0a,4,39.65
W230,70,64.6,b7c6bf0a,4,68.281
W145,42,29.7,bfdbc797,2,35.076
W292,60,31.6,bfdbc797,2,44.014
W34,52,36.7,bfdbc797,2,42.611
W293,70,68.6,bfdbc797,2,68.723
W98,68,56.8,bfdbc797,2,62.628
W121,60,55.1,99969db2,1,57.375
W39,70,67.4,99969db2,1,69.98
W237,70,49.0,99969db2,1,58.383
W54,65,63.2,99969db2,1,62.984
W21,50,49.4,99969db2,1,48.008
W131,56,65.8,99969db2,1,60.642
W76,58,74.5,99969db2,1,66.261
W372,50,60.6,79d611b4,1,55.964
W147,57,46.8,79d611b4,1,50.629
W1,61,68.8,79d611b4,1,62.281
W199,45,32.2,79d611b4,1,39.341
W284,50,46.3,79d611b4,1,48.135
W190,45,34.8,3f76dc63,4,39.412
W321,62,85.5,3f76dc63,4,71.812
W5,30,34.6,3f76dc63,4,31.676
W143,62,62.1,3f76dc63,4,58.56
W220,68,65.9,3f06bd4b,1,68.826
W250,36,41.0,3f06bd4b,1,40.31
W181,52,45.9,3f06bd4b,1,44.749
W149,50,52.8,3f06bd4b,1,54.209
W375,70,62.0,1ccce8da,4,65.796
W193,48,37.7,1ccce8da,4,42.19
W6,46,33.5,1ccce8da,4,38.72
W227,52,49.6,1ccce8da,4,47.211
W150,42,49.6,1ccce8da,4,45.398
W360,60,61.6,1ccce8da,4,61.488
W25,58,65.0,1ccce8da,4,61.471
W120,60,67.4,2f6ebaa0,5,65.722
W130,50,65.6,2f6ebaa0,5,56.884
W342,46,41.2,2f6ebaa0,5,46.075
W314,62,48.2,2f6ebaa0,5,51.608
W217,70,54.6,2f6ebaa0,5,60.622
W152,70,76.6,2f6ebaa0,5,72.421
W345,65,59.5,06421613,4,60.931
W139,70,66.8,06421613,4,65.36
W44,56,65.2,06421613,4,60.111
W79,51,60.8,06421613,4,55.682
W180,62,56.2,3ca6facb,4,57.3
W126,60,64.0,3ca6facb,4,62.681
W112,56,57.4,3ca6facb,4,55.102
W179,62,65.6,3ca6facb,4,62.206
W352,61,74.9,3ca6facb,4,67.211
W130,50,73.8,f979b204,5,60.403
W90,56,51.3,f979b204,5,53.127
W104,40,44.2,f979b204,5,41.495
W44,56,67.8,f979b204,5,61.207
W25,58,78.0,c6e98fcd,5,67.556
W276,52,61.4,c6e98fcd,5,55.868
W60,50,38.6,c6e98fcd,5,41.812
W174,70,74.3,c6e98fcd,5,69.878
W172,56,38.6,6ddbb299,1,47.342
W332,70,73.5,6ddbb299,1,72.727
W233,52,49.5,6ddbb299,1,51.698
W333,51,46.7,6ddbb299,1,48.755
W358,56,61.5,6ddbb299,1,58.819
W240,45,46.4,6ddbb299,1,47.186
W35,56,64.8,50944c38,2,63.698
W261,42,69.5,50944c38,2,54.332
W111,60,50.2,50944c38,2,59.009
W124,52,57.7,50944c38,2,50.108
W365,70,67.0,50944c38,2,68.465
W23,56,54.9,50944c38,2,55.044
W277,50,53.2,383bde2f,3,51.72
W2,62,60.5,383bde2f,3,59.535
W162,45,40.6,383bde2f,3,42.702
W308,62,54.8,383bde2f,3,58.56
W197,62,67.6,383bde2f,3,64.192
W351,70,97.9,383bde2f,3,82.466
W125,70,67.8,383bde2f,3,69.089
W181,52,49.9,b6a36088,5,44.681
W222,67,62.7,b6a36088,5,65.795
W293,70,70.8,b6a36088,5,68.646
W142,50,55.1,b6a36088,5,50.174
W191,50,53.4,b6a36088,5,51.132
W183,67,63.1,b6a36088,5,63.028
W188,68,63.1,aafd3f35,1,67.255
W281,70,70.7,aafd3f35,1,75.177
W346,60,62.0,aafd3f35,1,59.798
W252,70,94.3,aafd3f35,1,82.108
W373,56,69.5,aafd3f35,1,63.238
W239,51,45.7,aafd3f35,1,48.657
W341,60,67.7,aafd3f35,1,64.251
W296,62,62.3,904c03d9,3,59.057
W148,46,46.6,904c03d9,3,45.257
W337,70,59.6,904c03d9,3,65.36
W322,67,78.9,904c03d9,3,72.905
W290,52,59.0,904c03d9,3,55.471
W35,56,64.8,2c6cad14,3,63.234
W218,52,66.1,2c6cad14,3,58.166
W141,58,57.3,2c6cad14,3,59.069
W190,45,34.8,2c6cad14,3,39.267
W220,68,65.9,2c6cad14,3,68.719
W367,50,58.5,2c6cad14,3,53.798
W220,68,65.9,2c6cad14,3,68.719
W241,52,62.5,1405fc6d,4,55.785
W63,40,48.2,1405fc6d,4,43.303
W81,65,40.0,1405fc6d,4,52.095
W343,52,42.9,1405fc6d,4,46.521
W352,61,75.0,1405fc6d,4,67.178
W4,60,59.5,1405fc6d,4,60.775
W284,50,47.9,1405fc6d,4,48.068
W245,40,33.6,33938b21,2,36.931
W341,60,67.1,33938b21,2,64.099
W317,42,39.6,33938b21,2,41.037
W241,52,61.1,33938b21,2,55.696
W245,40,30.2,33938b21,2,35.3
W315,52,56.4,33938b21,2,54.77
W241,52,61.1,e6edd55c,3,55.628
W345,65,59.5,e6edd55c,3,60.813
W146,70,65.7,e6edd55c,3,65.917
W326,73,75.7,e6edd55c,3,76.249
W284,50,47.9,e6edd55c,3,48.018
W68,60,34.4,e6edd55c,3,46.003
W290,52,59.0,e6edd55c,3,55.345
W288,52,55.9,eed34a5d,4,54.27
W307,50,35.3,eed34a5d,4,41.57
W356,40,45.1,eed34a5d,4,41.571
W297,55,59.7,eed34a5d,4,57.681
W197,62,68.1,eed34a5d,4,64.385
W269,63,67.6,eed34a5d,4,64.78
W47,46,42.5,363407de,1,44.438
W109,70,71.7,363407de,1,72.03
W184,50,61.3,363407de,1,57.521
W132,80,66.1,363407de,1,72.135
W284,50,46.1,363407de,1,47.871
W258,68,66.0,363407de,1,66.832
W295,70,80.0,363407de,1,75.734
W20,55,49.5,3e7d5add,2,52.313
W157,70,67.0,3e7d5add,2,68.673
W274,65,43.1,3e7d5add,2,55.318
W287,40,48.0,3e7d5add,2,44.444
W58,58,53.8,3e7d5add,2,55.935
W349,70,75.6,3e7d5add,2,73.528
W358,56,59.9,667fe4eb,2,58.739
W48,61,64.8,667fe4eb,2,60.674
W161,52,46.7,667fe4eb,2,49.16
W362,56,51.8,667fe4eb,2,54.07
W160,50,54.6,667fe4eb,2,54.904
W154,50,62.0,667fe4eb,2,54.82
W247,61,71.6,667fe4eb,2,69.436
W179,62,63.2,119dd55f,1,62.117
W295,70,75.8,119dd55f,1,75.57
W349,70,65.2,119dd55f,1,70.831
W207,55,52.1,119dd55f,1,51.115
W24,56,45.0,0c187e50,5,50.066
W119,50,52.1,0c187e50,5,51.015
W163,50,47.9,0c187e50,5,47.58
W55,58,48.3,0c187e50,5,51.78
W185,40,23.4,0c187e50,5,30.025
W281,70,77.5,0c187e50,5,75.094
W204,62,66.2,0c187e50,5,63.322
W259,63,61.3,1dc431c9,1,63.404
W18,58,60.2,1dc431c9,1,60.878
W257,56,54.5,1dc431c9,1,55.825
W340,56,58.7,1dc431c9,1,61.302
W159,56,48.5,1dc431c9,1,52.074
W79,51,60.8,8870c3f5,3,55.549
W84,40,47.8,8870c3f5,3,43.159
W260,40,35.6,8870c3f5,3,32.713
W271,50,56.4,8870c3f5,3,56.902
W84,40,47.8,8870c3f5,3,43.159
W347,40,39.7,db33d9cb,4,39.247
W169,52,56.8,db33d9cb,4,50.338
W101,50,34.4,db33d9cb,4,41.061
W109,70,72.2,db33d9cb,4,71.934
W267,58,70.9,db33d9cb,4,64.164
W126,60,65.1,4444ecd2,4,62.648
W120,60,75.0,4444ecd2,4,66.702
W265,52,66.9,4444ecd2,4,59.754
W135,50,61.4,4444ecd2,4,48.773
W87,65,45.6,5d9118cf,5,54.498
W368,52,37.9,5d9118cf,5,42.983
W261,42,70.9,5d9118cf,5,54.249
W30,52,51.0,5d9118cf,5,50.84
W279,58,65.6,5d9118cf,5,53.866
W348,63,62.0,900d5065,3,63.665
W48,61,64.8,900d5065,3,60.63
W163,50,47.9,900d5065,3,47.567
W72,46,46.6,900d5065,3,47.561
W157,70,67.0,900d5065,3,68.658
W66,70,77.1,43c05514,1,74.722
W226,50,40.0,43c05514,1,44.541
W338,70,71.5,43c05514,1,69.242
W270,68,47.6,43c05514,1,58.369
W330,56,58.4,3f63ab9d,4,57.329
W196,58,55.8,3f63ab9d,4,59.36
W46,67,66.5,3f63ab9d,4,66.221
W175,58,61.3,3f63ab9d,4,57.817
W73,52,54.2,3f63ab9d,4,53.218
W264,56,56.6,3f63ab9d,4,51.677
W143,62,63.9,4f0372d3,4,59.319
W358,56,60.4,4f0372d3,4,58.679
W136,40,46.0,4f0372d3,4,37.749
W107,56,52.6,4f0372d3,4,57.988
W300,52,58.6,28f0ab8c,3,58.499
W172,56,38.6,28f0ab8c,3,47.284
W80,52,64.4,28f0ab8c,3,57.472
W353,62,58.7,28f0ab8c,3,61.28
W333,51,46.7,28f0ab8c,3,48.696
W210,60,74.4,28f0ab8c,3,68.597
W230,70,64.6,28f0ab8c,3,68.177
W75,68,66.8,cbaf3097,3,68.663
W2,62,60.5,cbaf3097,3,59.489
W204,62,66.2,cbaf3097,3,63.175
W82,68,69.2,cbaf3097,3,68.166
W273,80,64.7,cbaf3097,3,71.802
W286,62,58.9,cbaf3097,3,60.136
W250,36,41.0,0cb797c1,3,40.214
W283,50,53.9,0cb797c1,3,49.587
W204,62,66.2,0cb797c1,3,63.067
W56,58,58.5,0cb797c1,3,56.613
W336,63,57.2,d224c184,4,57.134
W188,68,66.5,d224c184,4,67.204
W355,50,53.4,d224c184,4,51.911
W224,63,50.0,d224c184,4,55.846
W334,58,73.3,b848c6fa,3,64.361
W268,68,67.2,b848c6fa,3,67.454
W111,60,50.2,b848c6fa,3,58.998
W361,40,40.3,b848c6fa,3,40.382
W239,51,45.7,b848c6fa,3,48.629
W160,50,54.6,b848c6fa,3,54.825
W330,56,58.4,181fc634,3,57.249
W192,56,48.2,181fc634,3,56.673
W103,58,46.1,181fc634,3,51.786
W61,56,56.8,181fc634,3,56.033
W149,50,49.2,eebc6861,2,53.571
W124,52,56.7,eebc6861,2,50.044
W153,50,39.8,eebc6861,2,44.205
W290,52,53.9,eebc6861,2,55.249
W30,52,50.8,eebc6861,2,50.753
W75,68,65.6,4d96bea7,1,67.967
W113,51,46.5,4d96bea7,1,48.589
W193,48,27.5,4d96bea7,1,36.461
W57,62,75.9,4d96bea7,1,69.091
W264,56,51.6,4d96bea7,1,51.628
